ZIPƒtƒ@ƒCƒ‹–¼,o—Í”NŒ“úE,’n”Ô‹æˆæ,’n”Ô,’n”Ô‹æˆæi•MŠE–¢’è’n\¬’n”Ôj,’n”Ôi•MŠE–¢’è’n\¬’n”Ôj
11425-0312-1.zip,202302011212,–ké‹ÊŒS‘å—˜ª’¬‘åšˆ¢²ŠÔ,397-3,,
11425-0312-1.zip,202302011212,–ké‹ÊŒS‘å—˜ª’¬‘åšˆ¢²ŠÔ,470-4,,
11425-0312-1.zip,202302011212,–ké‹ÊŒS‘å—˜ª’¬‘åšˆ¢²ŠÔ,565-2,,
11425-0312-1.zip,202302011212,–ké‹ÊŒS‘å—˜ª’¬‘åšˆ¢²ŠÔ,570-5,,
11425-0312-1.zip,202302011212,–ké‹ÊŒS‘å—˜ª’¬‘åšˆ¢²ŠÔ,581-3,,
11425-0312-1.zip,202302011212,–ké‹ÊŒS‘å—˜ª’¬‘åšˆ¢²ŠÔ,641-2,,
11425-0312-1.zip,202302011212,–ké‹ÊŒS‘å—˜ª’¬‘åšˆ¢²ŠÔ,647-3,,
11425-0312-1.zip,202302011212,–ké‹ÊŒS‘å—˜ª’¬‘åšˆ¢²ŠÔ,658,,
11425-0312-1.zip,202302011212,–ké‹ÊŒS‘å—˜ª’¬‘åšˆ¢²ŠÔ,665-6,,
11425-0312-1.zip,202302011212,–ké‹ÊŒS‘å—˜ª’¬‘åšˆ¢²ŠÔ,669-5,,
11425-0312-1.zip,202302011212,–ké‹ÊŒS‘å—˜ª’¬‘åšˆ¢²ŠÔ,674,,
11425-0312-1.zip,202302011212,–ké‹ÊŒS‘å—˜ª’¬‘åšˆ¢²ŠÔ,679-5,,
11425-0312-1.zip,202302011212,–ké‹ÊŒS‘å—˜ª’¬‘åšˆ¢²ŠÔ,708-4,,
11425-0312-1.zip,202302011212,–ké‹ÊŒS‘å—˜ª’¬‘åšˆ¢²ŠÔ,710-6,,
11425-0312-1.zip,202302011212,–ké‹ÊŒS‘å—˜ª’¬‘åšˆ¢²ŠÔ,762-2,,
11425-0312-1.zip,202302011212,–ké‹ÊŒS‘å—˜ª’¬‘åšˆ¢²ŠÔ,803-3,,
11425-0312-1.zip,202302011212,–ké‹ÊŒS‘å—˜ª’¬‘åšˆ¢²ŠÔ,809-3,,
11425-0312-1.zip,202302011212,–ké‹ÊŒS‘å—˜ª’¬‘åšˆ¢²ŠÔ,941-3,,
11425-0312-1.zip,202302011212,–ké‹ÊŒS‘å—˜ª’¬‘åšˆ¢²ŠÔ,944-3,,
11425-0312-1.zip,202302011212,–ké‹ÊŒS‘å—˜ª’¬‘åšˆ¢²ŠÔ,950-3,,
11425-0312-1.zip,202302011212,–ké‹ÊŒS‘å—˜ª’¬‘åšˆ¢²ŠÔ,950-4,,
11425-0312-1.zip,202302011212,–ké‹ÊŒS‘å—˜ª’¬‘åšˆ¢²ŠÔ,960-3,,
11425-0312-1.zip,202302011212,–ké‹ÊŒS‘å—˜ª’¬‘åšˆ¢²ŠÔ,1025-2,,
11425-0312-1.zip,202302011212,–ké‹ÊŒS‘å—˜ª’¬‘åšˆ¢²ŠÔ,1104-5,,
11425-0312-1.zip,202302011212,–ké‹ÊŒS‘å—˜ª’¬‘åšˆ¢²ŠÔ,1493-5,,
11425-0312-1.zip,202302011212,–ké‹ÊŒS‘å—˜ª’¬‘åšˆ¢²ŠÔ,1848,,
11425-0312-1.zip,202302011212,–ké‹ÊŒS‘å—˜ª’¬‘åšˆ¢²ŠÔ,1853,,
11425-0312-1.zip,202302011212,–ké‹ÊŒS‘å—˜ª’¬‘åšˆ¢²ŠÔ,1873-3,,
11425-0312-1.zip,202302011212,–ké‹ÊŒS‘å—˜ª’¬‘åšˆ¢²ŠÔ,1878,,
11425-0312-1.zip,202302011212,–ké‹ÊŒS‘å—˜ª’¬‘åšˆ¢²ŠÔ,1947-3,,
11425-0312-1.zip,202302011212,–ké‹ÊŒS‘å—˜ª’¬‘åšŠÔŒû,100,,
11425-0312-1.zip,202302011212,–ké‹ÊŒS‘å—˜ª’¬‘åšŠÔŒû,365-3,,
11425-0312-1.zip,202302011212,–ké‹ÊŒS‘å—˜ª’¬‘åšŠÔŒû,419,,
11425-0312-1.zip,202302011212,–ké‹ÊŒS‘å—˜ª’¬‘åšŠÔŒû,422-3,,
11425-0312-1.zip,202302011212,–ké‹ÊŒS‘å—˜ª’¬‘åšŠÔŒû,425-3,,
11425-0312-1.zip,202302011212,–ké‹ÊŒS‘å—˜ª’¬‘åšŠÔŒû,441-2,,
11425-0312-1.zip,202302011212,–ké‹ÊŒS‘å—˜ª’¬‘åšŠÔŒû,467-2,,
11425-0312-1.zip,202302011212,–ké‹ÊŒS‘å—˜ª’¬‘åšŠÔŒû,472-3,,
11425-0312-1.zip,202302011212,–ké‹ÊŒS‘å—˜ª’¬‘åšŠÔŒû,472-4,,
11425-0312-1.zip,202302011212,–ké‹ÊŒS‘å—˜ª’¬‘åšŠÔŒû,473-2,,
11425-0312-1.zip,202302011212,–ké‹ÊŒS‘å—˜ª’¬‘åšŠÔŒû,497-3,,
11425-0312-1.zip,202302011212,–ké‹ÊŒS‘å—˜ª’¬‘åšŠÔŒû,500-6,,
11425-0312-1.zip,202302011212,–ké‹ÊŒS‘å—˜ª’¬‘åšŠÔŒû,533-4,,
11425-0312-1.zip,202302011212,–ké‹ÊŒS‘å—˜ª’¬‘åšŠÔŒû,562-3,,
11425-0312-1.zip,202302011212,–ké‹ÊŒS‘å—˜ª’¬‘åšŠÔŒû,1128-3,,
11425-0312-1.zip,202302011212,–ké‹ÊŒS‘å—˜ª’¬‘åšŠÔŒû,1167-3,,
11425-0312-1.zip,202302011212,–ké‹ÊŒS‘å—˜ª’¬‘åšŠÔŒû,1234-3,,
11425-0312-1.zip,202302011212,–ké‹ÊŒS‘å—˜ª’¬‘åšŠÔŒû,1261-2,,
11425-0312-1.zip,202302011212,–ké‹ÊŒS‘å—˜ª’¬‘åšŠÔŒû,1269-3,,
11425-0312-1.zip,202302011212,–ké‹ÊŒS‘å—˜ª’¬‘åšŠÔŒû,1586-3,,
11425-0312-1.zip,202302011212,–ké‹ÊŒS‘å—˜ª’¬‘åšŠÔŒû,1671-4,,
11425-0312-1.zip,202302011212,–ké‹ÊŒS‘å—˜ª’¬‘åšŠÔŒû,2041,,
11425-0312-1.zip,202302011212,–ké‹ÊŒS‘å—˜ª’¬‘åš–k‘åŒK,503,,
11425-0312-1.zip,202302011212,–ké‹ÊŒS‘å—˜ª’¬‘åš–k‘åŒK,811,,
11425-0312-1.zip,202302011212,–ké‹ÊŒS‘å—˜ª’¬‘åš–k‘åŒK,1275-2,,
11425-0312-1.zip,202302011212,–ké‹ÊŒS‘å—˜ª’¬‘åš–k‘åŒK,1598-1,,
11425-0312-1.zip,202302011212,–ké‹ÊŒS‘å—˜ª’¬‘åšÛq–Ø,62-3,,
11425-0312-1.zip,202302011212,–ké‹ÊŒS‘å—˜ª’¬‘åšÛq–Ø,82-4,,
11425-0312-1.zip,202302011212,–ké‹ÊŒS‘å—˜ª’¬‘åšÛq–Ø,148-3,,
11425-0312-1.zip,202302011212,–ké‹ÊŒS‘å—˜ª’¬‘åšÛq–Ø,152-4,,
11425-0312-1.zip,202302011212,–ké‹ÊŒS‘å—˜ª’¬‘åšÛq–Ø,158-4,,
11425-0312-1.zip,202302011212,–ké‹ÊŒS‘å—˜ª’¬‘åšÛq–Ø,184-3,,
11425-0312-1.zip,202302011212,–ké‹ÊŒS‘å—˜ª’¬‘åšÛq–Ø,236-3,,
11425-0312-1.zip,202302011212,–ké‹ÊŒS‘å—˜ª’¬‘åšÛq–Ø,271-2,,
11425-0312-1.zip,202302011212,–ké‹ÊŒS‘å—˜ª’¬‘åšÛq–Ø,296-5,,
11425-0312-1.zip,202302011212,–ké‹ÊŒS‘å—˜ª’¬‘åšÛq–Ø,307-3,,
11425-0312-1.zip,202302011212,–ké‹ÊŒS‘å—˜ª’¬‘åšÛq–Ø,335-3,,
11425-0312-1.zip,202302011212,–ké‹ÊŒS‘å—˜ª’¬‘åšÛq–Ø,339-1,,
11425-0312-1.zip,202302011212,–ké‹ÊŒS‘å—˜ª’¬‘åšÛq–Ø,351-4,,
11425-0312-1.zip,202302011212,–ké‹ÊŒS‘å—˜ª’¬‘åšÛq–Ø,412-4,,
11425-0312-1.zip,202302011212,–ké‹ÊŒS‘å—˜ª’¬‘åšÛq–Ø,453-3,,
11425-0312-1.zip,202302011212,–ké‹ÊŒS‘å—˜ª’¬‘åšÛq–Ø,459-1,,
11425-0312-1.zip,202302011212,–ké‹ÊŒS‘å—˜ª’¬‘åšÛq–Ø,745-7,,
11425-0312-1.zip,202302011212,–ké‹ÊŒS‘å—˜ª’¬‘åšÛq–Ø,1014,,
11425-0312-1.zip,202302011212,–ké‹ÊŒS‘å—˜ª’¬‘åšÛq–Ø,1015-3,,
11425-0312-1.zip,202302011212,–ké‹ÊŒS‘å—˜ª’¬‘åš¶o,39-4,,
11425-0312-1.zip,202302011212,–ké‹ÊŒS‘å—˜ª’¬‘åš¶o,207,,
11425-0312-1.zip,202302011212,–ké‹ÊŒS‘å—˜ª’¬‘åš¶o,211-3,,
11425-0312-1.zip,202302011212,–ké‹ÊŒS‘å—˜ª’¬‘åš¶o,247-5,,
11425-0312-1.zip,202302011212,–ké‹ÊŒS‘å—˜ª’¬‘åš¶o,278-3,,
11425-0312-1.zip,202302011212,–ké‹ÊŒS‘å—˜ª’¬‘åš¶o,301,,
11425-0312-1.zip,202302011212,–ké‹ÊŒS‘å—˜ª’¬‘åš¶o,352-3,,
11425-0312-1.zip,202302011212,–ké‹ÊŒS‘å—˜ª’¬‘åš¶o,367-3,,
11425-0312-1.zip,202302011212,–ké‹ÊŒS‘å—˜ª’¬‘åš¶o,373-3,,
11425-0312-1.zip,202302011212,–ké‹ÊŒS‘å—˜ª’¬‘åš¶o,419-1,,
11425-0312-1.zip,202302011212,–ké‹ÊŒS‘å—˜ª’¬‘åš¶o,423-3,,
11425-0312-1.zip,202302011212,–ké‹ÊŒS‘å—˜ª’¬‘åš¶o,440-4,,
11425-0312-1.zip,202302011212,–ké‹ÊŒS‘å—˜ª’¬‘åš¶o,499-3,,
11425-0312-1.zip,202302011212,–ké‹ÊŒS‘å—˜ª’¬‘åš¶o,503-3,,
11425-0312-1.zip,202302011212,–ké‹ÊŒS‘å—˜ª’¬‘åš¶o,694-2,,
11425-0312-1.zip,202302011212,–ké‹ÊŒS‘å—˜ª’¬‘åš¶o,801-2,,
11425-0312-1.zip,202302011212,–ké‹ÊŒS‘å—˜ª’¬‘åš¶o,1387-2,,
11425-0312-1.zip,202302011212,–ké‹ÊŒS‘å—˜ª’¬‘åšVˆäV“c,59-3,,
11425-0312-1.zip,202302011212,–ké‹ÊŒS‘å—˜ª’¬‘åšVˆäV“c,157-2,,
11425-0312-1.zip,202302011212,–ké‹ÊŒS‘å—˜ª’¬‘åšVˆäV“c,167,,
11425-0312-1.zip,202302011212,–ké‹ÊŒS‘å—˜ª’¬‘åšVˆäV“c,171-2,,
11425-0312-1.zip,202302011212,–ké‹ÊŒS‘å—˜ª’¬‘åšVˆäV“c,256,,
11425-0312-1.zip,202302011212,–ké‹ÊŒS‘å—˜ª’¬‘åšVˆäV“c,257,,
11425-0312-1.zip,202302011212,–ké‹ÊŒS‘å—˜ª’¬‘åš¼‰iV“c,59,,
11425-0312-1.zip,202302011212,–ké‹ÊŒS‘å—˜ª’¬‘åš¼‰iV“c,256-1,,
11425-0312-1.zip,202302011212,–ké‹ÊŒS‘å—˜ª’¬‘åš¼‰iV“c,256-2,,
11425-0312-1.zip,202302011212,–ké‹ÊŒS‘å—˜ª’¬‘åš¼‰iV“c,258-4,,
11425-0312-1.zip,202302011212,–ké‹ÊŒS‘å—˜ª’¬‘åš¼‰iV“c,285-4,,
11425-0312-1.zip,202302011212,–ké‹ÊŒS‘å—˜ª’¬‘åš¼‰iV“c,314-3,,
11425-0312-1.zip,202302011212,–ké‹ÊŒS‘å—˜ª’¬‘åš¼‰iV“c,336-2,,
11425-0312-1.zip,202302011212,–ké‹ÊŒS‘å—˜ª’¬‘åš¼‰iV“c,428-3,,
11425-0312-1.zip,202302011212,–ké‹ÊŒS‘å—˜ª’¬‘åš¼‰iV“c,446-6,,
11425-0312-1.zip,202302011212,–ké‹ÊŒS‘å—˜ª’¬,’n‹æŠO-5058619,,
11425-0312-1.zip,202302011212,–ké‹ÊŒS‘å—˜ª’¬,’n‹æŠO-5058620,,
11425-0312-1.zip,202302011212,–ké‹ÊŒS‘å—˜ª’¬,’n‹æŠO-5058621,,
11425-0312-1.zip,202302011212,–ké‹ÊŒS‘å—˜ª’¬,’n‹æŠO-5058622,,
11425-0312-1.zip,202302011212,–ké‹ÊŒS‘å—˜ª’¬,’n‹æŠO-5058624,,
11425-0312-1.zip,202302011212,–ké‹ÊŒS‘å—˜ª’¬,’n‹æŠO-5058625,,
11425-0312-1.zip,202302011212,–ké‹ÊŒS‘å—˜ª’¬,’n‹æŠO-5058626,,
11425-0312-1.zip,202302011212,–ké‹ÊŒS‘å—˜ª’¬,’n‹æŠO-5058627,,
11425-0312-1.zip,202302011212,–ké‹ÊŒS‘å—˜ª’¬,’n‹æŠO-5058628,,
11425-0312-1.zip,202302011212,–ké‹ÊŒS‘å—˜ª’¬,’n‹æŠO-5058629,,
11425-0312-1.zip,202302011212,–ké‹ÊŒS‘å—˜ª’¬,’n‹æŠO-5058630,,
11425-0312-1.zip,202302011212,–ké‹ÊŒS‘å—˜ª’¬,’n‹æŠO-5058631,,
11425-0312-1.zip,202302011212,–ké‹ÊŒS‘å—˜ª’¬,’n‹æŠO-5058632,,
11425-0312-1.zip,202302011212,–ké‹ÊŒS‘å—˜ª’¬,’n‹æŠO-5058633,,
11425-0312-1.zip,202302011212,–ké‹ÊŒS‘å—˜ª’¬,’n‹æŠO-5058634,,
11425-0312-1.zip,202302011212,–ké‹ÊŒS‘å—˜ª’¬,’n‹æŠO-5058635,,
11425-0312-1.zip,202302011212,–ké‹ÊŒS‘å—˜ª’¬,’n‹æŠO-5058636,,
11425-0312-1.zip,202302011212,–ké‹ÊŒS‘å—˜ª’¬,’n‹æŠO-5058637,,
11425-0312-1.zip,202302011212,–ké‹ÊŒS‘å—˜ª’¬,’n‹æŠO-5058638,,
11425-0312-1.zip,202302011212,–ké‹ÊŒS‘å—˜ª’¬,’n‹æŠO-5058640,,
11425-0312-1.zip,202302011212,–ké‹ÊŒS‘å—˜ª’¬,’n‹æŠO-5058641,,
11425-0312-1.zip,202302011212,–ké‹ÊŒS‘å—˜ª’¬,’n‹æŠO-5058642,,
11425-0312-1.zip,202302011212,–ké‹ÊŒS‘å—˜ª’¬,’n‹æŠO-5058643,,
11425-0312-1.zip,202302011212,–ké‹ÊŒS‘å—˜ª’¬,’n‹æŠO-5058644,,
11425-0312-1.zip,202302011212,–ké‹ÊŒS‘å—˜ª’¬,’n‹æŠO-5058645,,
11425-0312-1.zip,202302011212,–ké‹ÊŒS‘å—˜ª’¬,’n‹æŠO-5058646,,
11425-0312-1.zip,202302011212,–ké‹ÊŒS‘å—˜ª’¬,’n‹æŠO-5058647,,
11425-0312-1.zip,202302011212,–ké‹ÊŒS‘å—˜ª’¬,’n‹æŠO-5058648,,
11425-0312-1.zip,202302011212,–ké‹ÊŒS‘å—˜ª’¬,’n‹æŠO-5058649,,
11425-0312-1.zip,202302011212,–ké‹ÊŒS‘å—˜ª’¬,’n‹æŠO-5058650,,
11425-0312-1.zip,202302011212,–ké‹ÊŒS‘å—˜ª’¬,’n‹æŠO-5058651,,
11425-0312-1.zip,202302011212,–ké‹ÊŒS‘å—˜ª’¬,’n‹æŠO-5058652,,
11425-0312-1.zip,202302011212,–ké‹ÊŒS‘å—˜ª’¬,’n‹æŠO-5058653,,
11425-0312-1.zip,202302011212,–ké‹ÊŒS‘å—˜ª’¬,’n‹æŠO-5058654,,
11425-0312-1.zip,202302011212,–ké‹ÊŒS‘å—˜ª’¬,’n‹æŠO-5058655,,
11425-0312-1.zip,202302011212,–ké‹ÊŒS‘å—˜ª’¬,’n‹æŠO-5058656,,
11425-0312-1.zip,202302011212,–ké‹ÊŒS‘å—˜ª’¬,’n‹æŠO-5058657,,
11425-0312-1.zip,202302011212,–ké‹ÊŒS‘å—˜ª’¬,’n‹æŠO-5058658,,
11425-0312-1.zip,202302011212,–ké‹ÊŒS‘å—˜ª’¬,’n‹æŠO-5058659,,
11425-0312-1.zip,202302011212,–ké‹ÊŒS‘å—˜ª’¬,’n‹æŠO-5058660,,
11425-0312-1.zip,202302011212,–ké‹ÊŒS‘å—˜ª’¬,’n‹æŠO-5058661,,
11425-0312-1.zip,202302011212,–ké‹ÊŒS‘å—˜ª’¬,’n‹æŠO-5058662,,
11425-0312-1.zip,202302011212,–ké‹ÊŒS‘å—˜ª’¬,’n‹æŠO-5058663,,
11425-0312-1.zip,202302011212,–ké‹ÊŒS‘å—˜ª’¬,’n‹æŠO-5058664,,
11425-0312-1.zip,202302011212,–ké‹ÊŒS‘å—˜ª’¬,’n‹æŠO-5058665,,
11425-0312-1.zip,202302011212,–ké‹ÊŒS‘å—˜ª’¬,’n‹æŠO-5058667,,
11425-0312-1.zip,202302011212,–ké‹ÊŒS‘å—˜ª’¬,’n‹æŠO-5058668,,
11425-0312-1.zip,202302011212,–ké‹ÊŒS‘å—˜ª’¬,’n‹æŠO-5058669,,
11425-0312-1.zip,202302011212,–ké‹ÊŒS‘å—˜ª’¬,’n‹æŠO-5058670,,
11425-0312-1.zip,202302011212,–ké‹ÊŒS‘å—˜ª’¬,’n‹æŠO-5058671,,
11425-0312-1.zip,202302011212,–ké‹ÊŒS‘å—˜ª’¬,’n‹æŠO-5058672,,
11425-0312-1.zip,202302011212,–ké‹ÊŒS‘å—˜ª’¬,’n‹æŠO-5058673,,
11425-0312-1.zip,202302011212,–ké‹ÊŒS‘å—˜ª’¬,’n‹æŠO-5058674,,
11425-0312-1.zip,202302011212,–ké‹ÊŒS‘å—˜ª’¬,’n‹æŠO-5058675,,
11425-0312-1.zip,202302011212,–ké‹ÊŒS‘å—˜ª’¬,’n‹æŠO-5058676,,
11425-0312-1.zip,202302011212,–ké‹ÊŒS‘å—˜ª’¬,’n‹æŠO-5058677,,
11425-0312-1.zip,202302011212,–ké‹ÊŒS‘å—˜ª’¬,’n‹æŠO-5058678,,
11425-0312-1.zip,202302011212,–ké‹ÊŒS‘å—˜ª’¬,’n‹æŠO-5058679,,
11425-0312-1.zip,202302011212,–ké‹ÊŒS‘å—˜ª’¬,’n‹æŠO-5058680,,
11425-0312-1.zip,202302011212,–ké‹ÊŒS‘å—˜ª’¬,’n‹æŠO-5058681,,
11425-0312-1.zip,202302011212,–ké‹ÊŒS‘å—˜ª’¬,’n‹æŠO-5058682,,
11425-0312-1.zip,202302011212,–ké‹ÊŒS‘å—˜ª’¬,’n‹æŠO-5058683,,
11425-0312-1.zip,202302011212,–ké‹ÊŒS‘å—˜ª’¬,’n‹æŠO-5058684,,
11425-0312-1.zip,202302011212,–ké‹ÊŒS‘å—˜ª’¬,’n‹æŠO-5058685,,
11425-0312-1.zip,202302011212,–ké‹ÊŒS‘å—˜ª’¬,’n‹æŠO-5058686,,
11425-0312-1.zip,202302011212,–ké‹ÊŒS‘å—˜ª’¬,’n‹æŠO-5058687,,
11425-0312-1.zip,202302011212,–ké‹ÊŒS‘å—˜ª’¬,’n‹æŠO-5058688,,
11425-0312-1.zip,202302011212,–ké‹ÊŒS‘å—˜ª’¬,’n‹æŠO-5058689,,
11425-0312-1.zip,202302011212,–ké‹ÊŒS‘å—˜ª’¬,’n‹æŠO-5058690,,
11425-0312-1.zip,202302011212,–ké‹ÊŒS‘å—˜ª’¬,’n‹æŠO-5058691,,
11425-0312-1.zip,202302011212,–ké‹ÊŒS‘å—˜ª’¬,’n‹æŠO-5058692,,
11425-0312-1.zip,202302011212,–ké‹ÊŒS‘å—˜ª’¬,’n‹æŠO-5058693,,
11425-0312-1.zip,202302011212,–ké‹ÊŒS‘å—˜ª’¬,’n‹æŠO-5058694,,
11425-0312-1.zip,202302011212,–ké‹ÊŒS‘å—˜ª’¬,’n‹æŠO-5058695,,
11425-0312-1.zip,202302011212,–ké‹ÊŒS‘å—˜ª’¬,’n‹æŠO-5058696,,
11425-0312-1.zip,202302011212,–ké‹ÊŒS‘å—˜ª’¬,’n‹æŠO-5058697,,
11425-0312-1.zip,202302011212,–ké‹ÊŒS‘å—˜ª’¬,’n‹æŠO-5058698,,
11425-0312-1.zip,202302011212,–ké‹ÊŒS‘å—˜ª’¬,’n‹æŠO-5058699,,
11425-0312-1.zip,202302011212,–ké‹ÊŒS‘å—˜ª’¬,’n‹æŠO-5058700,,
11425-0312-1.zip,202302011212,–ké‹ÊŒS‘å—˜ª’¬,’n‹æŠO-5058701,,
11425-0312-1.zip,202302011212,–ké‹ÊŒS‘å—˜ª’¬,’n‹æŠO-5058702,,
11425-0312-1.zip,202302011212,–ké‹ÊŒS‘å—˜ª’¬,’n‹æŠO-5058703,,
11425-0312-1.zip,202302011212,–ké‹ÊŒS‘å—˜ª’¬,’n‹æŠO-5058704,,
11425-0312-1.zip,202302011212,–ké‹ÊŒS‘å—˜ª’¬,’n‹æŠO-5058705,,
11425-0312-1.zip,202302011212,–ké‹ÊŒS‘å—˜ª’¬,’n‹æŠO-5058706,,
11425-0312-1.zip,202302011212,–ké‹ÊŒS‘å—˜ª’¬,’n‹æŠO-5058707,,
11425-0312-1.zip,202302011212,–ké‹ÊŒS‘å—˜ª’¬,’n‹æŠO-5058708,,
11425-0312-1.zip,202302011212,–ké‹ÊŒS‘å—˜ª’¬,’n‹æŠO-5058709,,
11425-0312-1.zip,202302011212,–ké‹ÊŒS‘å—˜ª’¬,’n‹æŠO-5058710,,
11425-0312-1.zip,202302011212,–ké‹ÊŒS‘å—˜ª’¬,’n‹æŠO-5058711,,
11425-0312-1.zip,202302011212,–ké‹ÊŒS‘å—˜ª’¬,’n‹æŠO-5058712,,
11425-0312-1.zip,202302011212,–ké‹ÊŒS‘å—˜ª’¬,’n‹æŠO-5058713,,
11425-0312-1.zip,202302011212,–ké‹ÊŒS‘å—˜ª’¬,’n‹æŠO-5058714,,
11425-0312-1.zip,202302011212,–ké‹ÊŒS‘å—˜ª’¬,’n‹æŠO-5058715,,
11425-0312-1.zip,202302011212,–ké‹ÊŒS‘å—˜ª’¬,’n‹æŠO-5058716,,
11425-0312-1.zip,202302011212,–ké‹ÊŒS‘å—˜ª’¬,’n‹æŠO-5058717,,
11425-0312-1.zip,202302011212,–ké‹ÊŒS‘å—˜ª’¬,’n‹æŠO-5058718,,
11425-0312-1.zip,202302011212,–ké‹ÊŒS‘å—˜ª’¬,’n‹æŠO-5058719,,
11425-0312-1.zip,202302011212,–ké‹ÊŒS‘å—˜ª’¬,’n‹æŠO-5058720,,
11425-0312-1.zip,202302011212,–ké‹ÊŒS‘å—˜ª’¬,’n‹æŠO-5058721,,
11425-0312-1.zip,202302011212,–ké‹ÊŒS‘å—˜ª’¬,’n‹æŠO-5058722,,
11425-0312-1.zip,202302011212,–ké‹ÊŒS‘å—˜ª’¬,’n‹æŠO-5058723,,
11425-0312-1.zip,202302011212,–ké‹ÊŒS‘å—˜ª’¬,’n‹æŠO-5058724,,
11425-0312-1.zip,202302011212,–ké‹ÊŒS‘å—˜ª’¬,’n‹æŠO-5058726,,
11425-0312-1.zip,202302011212,–ké‹ÊŒS‘å—˜ª’¬,’n‹æŠO-5058727,,
11425-0312-1.zip,202302011212,–ké‹ÊŒS‘å—˜ª’¬,’n‹æŠO-5058728,,
11425-0312-1.zip,202302011212,–ké‹ÊŒS‘å—˜ª’¬,’n‹æŠO-5058729,,
11425-0312-1.zip,202302011212,–ké‹ÊŒS‘å—˜ª’¬,’n‹æŠO-5058730,,
11425-0312-1.zip,202302011212,–ké‹ÊŒS‘å—˜ª’¬,’n‹æŠO-5058731,,
11425-0312-1.zip,202302011212,–ké‹ÊŒS‘å—˜ª’¬,’n‹æŠO-5058732,,
11425-0312-1.zip,202302011212,–ké‹ÊŒS‘å—˜ª’¬,’n‹æŠO-5058733,,
11425-0312-1.zip,202302011212,–ké‹ÊŒS‘å—˜ª’¬,’n‹æŠO-5058734,,
11425-0312-1.zip,202302011212,–ké‹ÊŒS‘å—˜ª’¬,’n‹æŠO-5058735,,
11425-0312-1.zip,202302011212,–ké‹ÊŒS‘å—˜ª’¬,’n‹æŠO-5058736,,
11425-0312-1.zip,202302011212,–ké‹ÊŒS‘å—˜ª’¬,’n‹æŠO-5058737,,
11425-0312-1.zip,202302011212,–ké‹ÊŒS‘å—˜ª’¬,’n‹æŠO-5058738,,
11425-0312-1.zip,202302011212,–ké‹ÊŒS‘å—˜ª’¬,’n‹æŠO-5058739,,
11425-0312-1.zip,202302011212,–ké‹ÊŒS‘å—˜ª’¬,’n‹æŠO-5058740,,
11425-0312-1.zip,202302011212,–ké‹ÊŒS‘å—˜ª’¬,’n‹æŠO-5058741,,
11425-0312-1.zip,202302011212,–ké‹ÊŒS‘å—˜ª’¬,’n‹æŠO-5058742,,
11425-0312-1.zip,202302011212,–ké‹ÊŒS‘å—˜ª’¬,’n‹æŠO-5058743,,
11425-0312-1.zip,202302011212,–ké‹ÊŒS‘å—˜ª’¬,’n‹æŠO-5058744,,
11425-0312-1.zip,202302011212,–ké‹ÊŒS‘å—˜ª’¬,’n‹æŠO-5058745,,
11425-0312-1.zip,202302011212,–ké‹ÊŒS‘å—˜ª’¬,’n‹æŠO-5058747,,
11425-0312-1.zip,202302011212,–ké‹ÊŒS‘å—˜ª’¬,’n‹æŠO-5058748,,
11425-0312-1.zip,202302011212,–ké‹ÊŒS‘å—˜ª’¬,’n‹æŠO-5058750,,
11425-0312-1.zip,202302011212,–ké‹ÊŒS‘å—˜ª’¬,’n‹æŠO-5058751,,
11425-0312-1.zip,202302011212,–ké‹ÊŒS‘å—˜ª’¬,’n‹æŠO-5058752,,
11425-0312-1.zip,202302011212,–ké‹ÊŒS‘å—˜ª’¬,’n‹æŠO-5058753,,
11425-0312-1.zip,202302011212,–ké‹ÊŒS‘å—˜ª’¬,’n‹æŠO-5058754,,
11425-0312-1.zip,202302011212,–ké‹ÊŒS‘å—˜ª’¬,’n‹æŠO-5058755,,
11425-0312-1.zip,202302011212,–ké‹ÊŒS‘å—˜ª’¬,’n‹æŠO-5058756,,
11425-0312-1.zip,202302011212,–ké‹ÊŒS‘å—˜ª’¬,’n‹æŠO-5058757,,
11425-0312-1.zip,202302011212,–ké‹ÊŒS‘å—˜ª’¬,’n‹æŠO-5058758,,
11425-0312-1.zip,202302011212,–ké‹ÊŒS‘å—˜ª’¬,’n‹æŠO-5058759,,
11425-0312-1.zip,202302011212,–ké‹ÊŒS‘å—˜ª’¬,’n‹æŠO-5058760,,
11425-0312-1.zip,202302011212,–ké‹ÊŒS‘å—˜ª’¬,’n‹æŠO-5058761,,
11425-0312-1.zip,202302011212,–ké‹ÊŒS‘å—˜ª’¬,’n‹æŠO-5058763,,
11425-0312-1.zip,202302011212,–ké‹ÊŒS‘å—˜ª’¬,’n‹æŠO-5058764,,
11425-0312-1.zip,202302011212,–ké‹ÊŒS‘å—˜ª’¬,’n‹æŠO-5058765,,
11425-0312-1.zip,202302011212,–ké‹ÊŒS‘å—˜ª’¬,’n‹æŠO-5058766,,
11425-0312-1.zip,202302011212,–ké‹ÊŒS‘å—˜ª’¬,’n‹æŠO-5058767,,
11425-0312-1.zip,202302011212,–ké‹ÊŒS‘å—˜ª’¬,’n‹æŠO-5058768,,
11425-0312-1.zip,202302011212,–ké‹ÊŒS‘å—˜ª’¬,’n‹æŠO-5058769,,
11425-0312-1.zip,202302011212,–ké‹ÊŒS‘å—˜ª’¬,’n‹æŠO-5058770,,
11425-0312-1.zip,202302011212,–ké‹ÊŒS‘å—˜ª’¬,’n‹æŠO-5058771,,
11425-0312-1.zip,202302011212,–ké‹ÊŒS‘å—˜ª’¬,’n‹æŠO-5058772,,
11425-0312-1.zip,202302011212,–ké‹ÊŒS‘å—˜ª’¬,’n‹æŠO-5058774,,
11425-0312-1.zip,202302011212,–ké‹ÊŒS‘å—˜ª’¬,’n‹æŠO-5058775,,
11425-0312-1.zip,202302011212,–ké‹ÊŒS‘å—˜ª’¬,’n‹æŠO-5058776,,
11425-0312-1.zip,202302011212,–ké‹ÊŒS‘å—˜ª’¬,’n‹æŠO-5058778,,
11425-0312-1.zip,202302011212,–ké‹ÊŒS‘å—˜ª’¬,’n‹æŠO-5058779,,
11425-0312-1.zip,202302011212,–ké‹ÊŒS‘å—˜ª’¬,’n‹æŠO-5058780,,
11425-0312-1.zip,202302011212,–ké‹ÊŒS‘å—˜ª’¬,’n‹æŠO-5058781,,
11425-0312-1.zip,202302011212,–ké‹ÊŒS‘å—˜ª’¬,’n‹æŠO-5058783,,
11425-0312-1.zip,202302011212,–ké‹ÊŒS‘å—˜ª’¬‘åš¶o,387-2,,
11425-0312-1.zip,202302011212,–ké‹ÊŒS‘å—˜ª’¬‘åš¶o,449-2,,
11425-0312-1.zip,202302011212,–ké‹ÊŒS‘å—˜ª’¬‘åš–k‘åŒK,966,,
11425-0312-1.zip,202302011212,–ké‹ÊŒS‘å—˜ª’¬‘åšŠÔŒû,1149-3,,
11425-0312-1.zip,202302011212,–ké‹ÊŒS‘å—˜ª’¬‘åšŠÔŒû,1149-2,,
11425-0312-1.zip,202302011212,–ké‹ÊŒS‘å—˜ª’¬,’n‹æŠO-5058666,,
11425-0312-1.zip,202302011212,–ké‹ÊŒS‘å—˜ª’¬‘åš¶o,–³’n”Ô-427,,
11425-0312-1.zip,202302011212,–ké‹ÊŒS‘å—˜ª’¬‘åš¼‰iV“c,“¹-1111,,
11425-0312-1.zip,202302011212,–ké‹ÊŒS‘å—˜ª’¬,’n‹æŠO-5058749,,
11425-0312-1.zip,202302011212,–ké‹ÊŒS‘å—˜ª’¬,’n‹æŠO-5058725,,
11425-0312-1.zip,202302011212,–ké‹ÊŒS‘å—˜ª’¬‘åšŠÔŒû,365-2,,
11425-0312-1.zip,202302011212,–ké‹ÊŒS‘å—˜ª’¬,’n‹æŠO-5058777,,
11425-0312-1.zip,202302011212,–ké‹ÊŒS‘å—˜ª’¬‘åšŠÔŒû,365-4,,
11425-0312-1.zip,202302011212,–ké‹ÊŒS‘å—˜ª’¬,’n‹æŠO-5058623,,
11425-0312-1.zip,202302011212,–ké‹ÊŒS‘å—˜ª’¬,’n‹æŠO-5058746,,
11425-0312-1.zip,202302011212,–ké‹ÊŒS‘å—˜ª’¬‘åšÛq–Ø,401-3,,
11425-0312-1.zip,202302011212,–ké‹ÊŒS‘å—˜ª’¬‘åšˆ¢²ŠÔ,812-2,,
11425-0312-1.zip,202302011212,–ké‹ÊŒS‘å—˜ª’¬‘åš¼‰iV“c,–³’n”Ô-1,,
11425-0312-1.zip,202302011212,–ké‹ÊŒS‘å—˜ª’¬‘åš¼‰iV“c,–³’n”Ô-2,,
11425-0312-1.zip,202302011212,–ké‹ÊŒS‘å—˜ª’¬‘åšÛq–Ø,431-4,,
11425-0312-1.zip,202302011212,–ké‹ÊŒS‘å—˜ª’¬,’n‹æŠO-5058773,,
11425-0312-1.zip,202302011212,–ké‹ÊŒS‘å—˜ª’¬,’n‹æŠO-5058639,,
11425-0312-1.zip,202302011212,–ké‹ÊŒS‘å—˜ª’¬,’n‹æŠO-5058782,,
11425-0312-1.zip,202302011212,–ké‹ÊŒS‘å—˜ª’¬,’n‹æŠO-5058762,,
11425-0312-2.zip,202302011212,–ké‹ÊŒS‘å—˜ª’¬‘åšŠO‹LV“c,38-6,,
11425-0312-2.zip,202302011212,–ké‹ÊŒS‘å—˜ª’¬‘åšŠO‹LV“c,123-3,,
11425-0312-2.zip,202302011212,–ké‹ÊŒS‘å—˜ª’¬‘åšŠO‹LV“c,163-5,,
11425-0312-2.zip,202302011212,–ké‹ÊŒS‘å—˜ª’¬‘åšŠO‹LV“c,164-6,,
11425-0312-2.zip,202302011212,–ké‹ÊŒS‘å—˜ª’¬‘åšŠO‹LV“c,185-5,,
11425-0312-2.zip,202302011212,–ké‹ÊŒS‘å—˜ª’¬‘åšŠO‹LV“c,211-6,,
11425-0312-2.zip,202302011212,–ké‹ÊŒS‘å—˜ª’¬‘åšŠO‹LV“c,248-3,,
11425-0312-2.zip,202302011212,–ké‹ÊŒS‘å—˜ª’¬‘åšŠO‹LV“c,318-3,,
11425-0312-2.zip,202302011212,–ké‹ÊŒS‘å—˜ª’¬‘åšŠO‹LV“c,346-3,,
11425-0312-2.zip,202302011212,–ké‹ÊŒS‘å—˜ª’¬‘åšŠO‹LV“c,362-4,,
11425-0312-2.zip,202302011212,–ké‹ÊŒS‘å—˜ª’¬‘åš“¹–Ú,131-11,,
11425-0312-2.zip,202302011212,–ké‹ÊŒS‘å—˜ª’¬‘åš“¹–Ú,164-4,,
11425-0312-2.zip,202302011212,–ké‹ÊŒS‘å—˜ª’¬‘åš“¹–Ú,229-2,,
11425-0312-2.zip,202302011212,–ké‹ÊŒS‘å—˜ª’¬‘åš“¹–Ú,302-6,,
11425-0312-2.zip,202302011212,–ké‹ÊŒS‘å—˜ª’¬‘åš“¹–Ú,334-7,,
11425-0312-2.zip,202302011212,–ké‹ÊŒS‘å—˜ª’¬‘åš“¹–Ú,343-3,,
11425-0312-2.zip,202302011212,–ké‹ÊŒS‘å—˜ª’¬‘åš“¹–Ú,350-3,,
11425-0312-2.zip,202302011212,–ké‹ÊŒS‘å—˜ª’¬‘åš“¹–Ú,391-4,,
11425-0312-2.zip,202302011212,–ké‹ÊŒS‘å—˜ª’¬‘åš“¹–Ú,403-3,,
11425-0312-2.zip,202302011212,–ké‹ÊŒS‘å—˜ª’¬‘åš“¹–Ú,461-2,,
11425-0312-2.zip,202302011212,–ké‹ÊŒS‘å—˜ª’¬‘åš“¹–Ú,478-2,,
11425-0312-2.zip,202302011212,–ké‹ÊŒS‘å—˜ª’¬‘åš“¹–Ú,627-7,,
11425-0312-2.zip,202302011212,–ké‹ÊŒS‘å—˜ª’¬‘åš“¹–Ú,683-4,,
11425-0312-2.zip,202302011212,–ké‹ÊŒS‘å—˜ª’¬‘åš“¹–Ú,1196-5,,
11425-0312-2.zip,202302011212,–ké‹ÊŒS‘å—˜ª’¬‘åš“¹–Ú,1204-6,,
11425-0312-2.zip,202302011212,–ké‹ÊŒS‘å—˜ª’¬‘åš“¹–Ú,1303-5,,
11425-0312-2.zip,202302011212,–ké‹ÊŒS‘å—˜ª’¬‘åš“¹–Ú,1393-3,,
11425-0312-2.zip,202302011212,–ké‹ÊŒS‘å—˜ª’¬‘åš“¹–Ú,1575-3,,
11425-0312-2.zip,202302011212,–ké‹ÊŒS‘å—˜ª’¬‘åš“¹–Ú,1582-5,,
11425-0312-2.zip,202302011212,–ké‹ÊŒS‘å—˜ª’¬‘åš“¹–Ú,1719-3,,
11425-0312-2.zip,202302011212,–ké‹ÊŒS‘å—˜ª’¬‘åš“¹–Ú,1888-1,,
11425-0312-2.zip,202302011212,–ké‹ÊŒS‘å—˜ª’¬‘åš“¹–Ú,1953-1,,
11425-0312-2.zip,202302011212,–ké‹ÊŒS‘å—˜ª’¬‘åš“¹–Ú,1973-1,,
11425-0312-2.zip,202302011212,–ké‹ÊŒS‘å—˜ª’¬‘åš“¹–Ú,1973-2,,
11425-0312-2.zip,202302011212,–ké‹ÊŒS‘å—˜ª’¬‘åš“¹–Ú,1994,,
11425-0312-2.zip,202302011212,–ké‹ÊŒS‘å—˜ª’¬‘åš“¹–Ú,“¹-59,,
11425-0312-2.zip,202302011212,–ké‹ÊŒS‘å—˜ª’¬‘åš²”g,153,,
11425-0312-2.zip,202302011212,–ké‹ÊŒS‘å—˜ª’¬‘åš²”g,230,,
11425-0312-2.zip,202302011212,–ké‹ÊŒS‘å—˜ª’¬‘åš²”g,1094-4,,
11425-0312-2.zip,202302011212,–ké‹ÊŒS‘å—˜ª’¬‘åš»Œ´,1-4,,
11425-0312-2.zip,202302011212,–ké‹ÊŒS‘å—˜ª’¬‘åš»Œ´,1-5,,
11425-0312-2.zip,202302011212,–ké‹ÊŒS‘å—˜ª’¬‘åš»Œ´,44-3,,
11425-0312-2.zip,202302011212,–ké‹ÊŒS‘å—˜ª’¬‘åš»Œ´,53-16,,
11425-0312-2.zip,202302011212,–ké‹ÊŒS‘å—˜ª’¬‘åš»Œ´,347-2,,
11425-0312-2.zip,202302011212,–ké‹ÊŒS‘å—˜ª’¬‘åš»Œ´,379-2,,
11425-0312-2.zip,202302011212,–ké‹ÊŒS‘å—˜ª’¬‘åš»Œ´,484-3,,
11425-0312-2.zip,202302011212,–ké‹ÊŒS‘å—˜ª’¬‘åš»Œ´,600-8,,
11425-0312-2.zip,202302011212,–ké‹ÊŒS‘å—˜ª’¬‘åš»Œ´,669-3,,
11425-0312-2.zip,202302011212,–ké‹ÊŒS‘å—˜ª’¬‘åš»Œ´,847-3,,
11425-0312-2.zip,202302011212,–ké‹ÊŒS‘å—˜ª’¬‘åš»Œ´,850,,
11425-0312-2.zip,202302011212,–ké‹ÊŒS‘å—˜ª’¬‘åš»Œ´,1102-2,,
11425-0312-2.zip,202302011212,–ké‹ÊŒS‘å—˜ª’¬‘åš»Œ´,1195-2,,
11425-0312-2.zip,202302011212,–ké‹ÊŒS‘å—˜ª’¬‘åš»Œ´,1253-2,,
11425-0312-2.zip,202302011212,–ké‹ÊŒS‘å—˜ª’¬‘åš»Œ´,1277-1,,
11425-0312-2.zip,202302011212,–ké‹ÊŒS‘å—˜ª’¬‘åš»Œ´,1277-2,,
11425-0312-2.zip,202302011212,–ké‹ÊŒS‘å—˜ª’¬‘åš»Œ´,1302-4,,
11425-0312-2.zip,202302011212,–ké‹ÊŒS‘å—˜ª’¬‘åš»Œ´,1315-2,,
11425-0312-2.zip,202302011212,–ké‹ÊŒS‘å—˜ª’¬‘åš»Œ´,1390-6,,
11425-0312-2.zip,202302011212,–ké‹ÊŒS‘å—˜ª’¬‘åš»Œ´,1411-5,,
11425-0312-2.zip,202302011212,–ké‹ÊŒS‘å—˜ª’¬‘åš»Œ´,1412-3,,
11425-0312-2.zip,202302011212,–ké‹ÊŒS‘å—˜ª’¬‘åš»Œ´,1448-2,,
11425-0312-2.zip,202302011212,–ké‹ÊŒS‘å—˜ª’¬‘åš»Œ´,1546-1,,
11425-0312-2.zip,202302011212,–ké‹ÊŒS‘å—˜ª’¬‘åš»Œ´,1564-2,,
11425-0312-2.zip,202302011212,–ké‹ÊŒS‘å—˜ª’¬‘åš»Œ´,1988-3,,
11425-0312-2.zip,202302011212,–ké‹ÊŒS‘å—˜ª’¬‘åš»Œ´,1988-4,,
11425-0312-2.zip,202302011212,–ké‹ÊŒS‘å—˜ª’¬‘åš»Œ´,1993-5,,
11425-0312-2.zip,202302011212,–ké‹ÊŒS‘å—˜ª’¬‘åš»Œ´,2048-3,,
11425-0312-2.zip,202302011212,–ké‹ÊŒS‘å—˜ª’¬‘åš»Œ´,2059-8,,
11425-0312-2.zip,202302011212,–ké‹ÊŒS‘å—˜ª’¬‘åš»Œ´,2081-4,,
11425-0312-2.zip,202302011212,–ké‹ÊŒS‘å—˜ª’¬‘åš»Œ´,2205-3,,
11425-0312-2.zip,202302011212,–ké‹ÊŒS‘å—˜ª’¬‘åš»Œ´,“¹-342,,
11425-0312-2.zip,202302011212,–ké‹ÊŒS‘å—˜ª’¬‘åš»Œ´,’·‹·•¨•s–¾-155,,
11425-0312-2.zip,202302011212,–ké‹ÊŒS‘å—˜ª’¬‘åš×ŠÔ,137-2,,
11425-0312-2.zip,202302011212,–ké‹ÊŒS‘å—˜ª’¬‘åš×ŠÔ,280-2,,
11425-0312-2.zip,202302011212,–ké‹ÊŒS‘å—˜ª’¬‘åš×ŠÔ,281-1,,
11425-0312-2.zip,202302011212,–ké‹ÊŒS‘å—˜ª’¬‘åš×ŠÔ,282-1,,
11425-0312-2.zip,202302011212,–ké‹ÊŒS‘å—˜ª’¬‘åš×ŠÔ,284-1,,
11425-0312-2.zip,202302011212,–ké‹ÊŒS‘å—˜ª’¬‘åš×ŠÔ,286-1,,
11425-0312-2.zip,202302011212,–ké‹ÊŒS‘å—˜ª’¬‘åš×ŠÔ,287-1,,
11425-0312-2.zip,202302011212,–ké‹ÊŒS‘å—˜ª’¬‘åš×ŠÔ,579-6,,
11425-0312-2.zip,202302011212,–ké‹ÊŒS‘å—˜ª’¬‘åš×ŠÔ,625-3,,
11425-0312-2.zip,202302011212,–ké‹ÊŒS‘å—˜ª’¬‘åš×ŠÔ,667-9,,
11425-0312-2.zip,202302011212,–ké‹ÊŒS‘å—˜ª’¬‘åš×ŠÔ,1033-2,,
11425-0312-2.zip,202302011212,–ké‹ÊŒS‘å—˜ª’¬‘åš×ŠÔ,1331-5,,
11425-0312-2.zip,202302011212,–ké‹ÊŒS‘å—˜ª’¬‘åš×ŠÔ,1342-3,,
11425-0312-2.zip,202302011212,–ké‹ÊŒS‘å—˜ª’¬‘åš×ŠÔ,1364-4,,
11425-0312-2.zip,202302011212,–ké‹ÊŒS‘å—˜ª’¬‘åš×ŠÔ,1368-5,,
11425-0312-2.zip,202302011212,–ké‹ÊŒS‘å—˜ª’¬,’n‹æŠO-5080466,,
11425-0312-2.zip,202302011212,–ké‹ÊŒS‘å—˜ª’¬,’n‹æŠO-5080467,,
11425-0312-2.zip,202302011212,–ké‹ÊŒS‘å—˜ª’¬,’n‹æŠO-5080468,,
11425-0312-2.zip,202302011212,–ké‹ÊŒS‘å—˜ª’¬,’n‹æŠO-5080469,,
11425-0312-2.zip,202302011212,–ké‹ÊŒS‘å—˜ª’¬,’n‹æŠO-5080470,,
11425-0312-2.zip,202302011212,–ké‹ÊŒS‘å—˜ª’¬,’n‹æŠO-5080471,,
11425-0312-2.zip,202302011212,–ké‹ÊŒS‘å—˜ª’¬,’n‹æŠO-5080472,,
11425-0312-2.zip,202302011212,–ké‹ÊŒS‘å—˜ª’¬,’n‹æŠO-5080473,,
11425-0312-2.zip,202302011212,–ké‹ÊŒS‘å—˜ª’¬,’n‹æŠO-5080474,,
11425-0312-2.zip,202302011212,–ké‹ÊŒS‘å—˜ª’¬,’n‹æŠO-5080475,,
11425-0312-2.zip,202302011212,–ké‹ÊŒS‘å—˜ª’¬,’n‹æŠO-5080476,,
11425-0312-2.zip,202302011212,–ké‹ÊŒS‘å—˜ª’¬,’n‹æŠO-5080477,,
11425-0312-2.zip,202302011212,–ké‹ÊŒS‘å—˜ª’¬,’n‹æŠO-5080478,,
11425-0312-2.zip,202302011212,–ké‹ÊŒS‘å—˜ª’¬,’n‹æŠO-5080479,,
11425-0312-2.zip,202302011212,–ké‹ÊŒS‘å—˜ª’¬,’n‹æŠO-5080480,,
11425-0312-2.zip,202302011212,–ké‹ÊŒS‘å—˜ª’¬,’n‹æŠO-5080481,,
11425-0312-2.zip,202302011212,–ké‹ÊŒS‘å—˜ª’¬,’n‹æŠO-5080482,,
11425-0312-2.zip,202302011212,–ké‹ÊŒS‘å—˜ª’¬,’n‹æŠO-5080483,,
11425-0312-2.zip,202302011212,–ké‹ÊŒS‘å—˜ª’¬,’n‹æŠO-5080484,,
11425-0312-2.zip,202302011212,–ké‹ÊŒS‘å—˜ª’¬,’n‹æŠO-5080485,,
11425-0312-2.zip,202302011212,–ké‹ÊŒS‘å—˜ª’¬,’n‹æŠO-5080486,,
11425-0312-2.zip,202302011212,–ké‹ÊŒS‘å—˜ª’¬,’n‹æŠO-5080487,,
11425-0312-2.zip,202302011212,–ké‹ÊŒS‘å—˜ª’¬,’n‹æŠO-5080488,,
11425-0312-2.zip,202302011212,–ké‹ÊŒS‘å—˜ª’¬,’n‹æŠO-5080489,,
11425-0312-2.zip,202302011212,–ké‹ÊŒS‘å—˜ª’¬,’n‹æŠO-5080490,,
11425-0312-2.zip,202302011212,–ké‹ÊŒS‘å—˜ª’¬,’n‹æŠO-5080491,,
11425-0312-2.zip,202302011212,–ké‹ÊŒS‘å—˜ª’¬,’n‹æŠO-5080493,,
11425-0312-2.zip,202302011212,–ké‹ÊŒS‘å—˜ª’¬,’n‹æŠO-5080494,,
11425-0312-2.zip,202302011212,–ké‹ÊŒS‘å—˜ª’¬,’n‹æŠO-5080495,,
11425-0312-2.zip,202302011212,–ké‹ÊŒS‘å—˜ª’¬,’n‹æŠO-5080496,,
11425-0312-2.zip,202302011212,–ké‹ÊŒS‘å—˜ª’¬,’n‹æŠO-5080497,,
11425-0312-2.zip,202302011212,–ké‹ÊŒS‘å—˜ª’¬,’n‹æŠO-5080498,,
11425-0312-2.zip,202302011212,–ké‹ÊŒS‘å—˜ª’¬,’n‹æŠO-5080499,,
11425-0312-2.zip,202302011212,–ké‹ÊŒS‘å—˜ª’¬,’n‹æŠO-5080500,,
11425-0312-2.zip,202302011212,–ké‹ÊŒS‘å—˜ª’¬,’n‹æŠO-5080501,,
11425-0312-2.zip,202302011212,–ké‹ÊŒS‘å—˜ª’¬,’n‹æŠO-5080502,,
11425-0312-2.zip,202302011212,–ké‹ÊŒS‘å—˜ª’¬,’n‹æŠO-5080503,,
11425-0312-2.zip,202302011212,–ké‹ÊŒS‘å—˜ª’¬,’n‹æŠO-5080504,,
11425-0312-2.zip,202302011212,–ké‹ÊŒS‘å—˜ª’¬,’n‹æŠO-5080505,,
11425-0312-2.zip,202302011212,–ké‹ÊŒS‘å—˜ª’¬,’n‹æŠO-5080506,,
11425-0312-2.zip,202302011212,–ké‹ÊŒS‘å—˜ª’¬,’n‹æŠO-5080507,,
11425-0312-2.zip,202302011212,–ké‹ÊŒS‘å—˜ª’¬,’n‹æŠO-5080508,,
11425-0312-2.zip,202302011212,–ké‹ÊŒS‘å—˜ª’¬,’n‹æŠO-5080509,,
11425-0312-2.zip,202302011212,–ké‹ÊŒS‘å—˜ª’¬,’n‹æŠO-5080510,,
11425-0312-2.zip,202302011212,–ké‹ÊŒS‘å—˜ª’¬,’n‹æŠO-5080511,,
11425-0312-2.zip,202302011212,–ké‹ÊŒS‘å—˜ª’¬,’n‹æŠO-5080512,,
11425-0312-2.zip,202302011212,–ké‹ÊŒS‘å—˜ª’¬,’n‹æŠO-5080513,,
11425-0312-2.zip,202302011212,–ké‹ÊŒS‘å—˜ª’¬,’n‹æŠO-5080514,,
11425-0312-2.zip,202302011212,–ké‹ÊŒS‘å—˜ª’¬,’n‹æŠO-5080515,,
11425-0312-2.zip,202302011212,–ké‹ÊŒS‘å—˜ª’¬,’n‹æŠO-5080516,,
11425-0312-2.zip,202302011212,–ké‹ÊŒS‘å—˜ª’¬,’n‹æŠO-5080517,,
11425-0312-2.zip,202302011212,–ké‹ÊŒS‘å—˜ª’¬,’n‹æŠO-5080518,,
11425-0312-2.zip,202302011212,–ké‹ÊŒS‘å—˜ª’¬,’n‹æŠO-5080519,,
11425-0312-2.zip,202302011212,–ké‹ÊŒS‘å—˜ª’¬,’n‹æŠO-5080520,,
11425-0312-2.zip,202302011212,–ké‹ÊŒS‘å—˜ª’¬,’n‹æŠO-5080521,,
11425-0312-2.zip,202302011212,–ké‹ÊŒS‘å—˜ª’¬,’n‹æŠO-5080522,,
11425-0312-2.zip,202302011212,–ké‹ÊŒS‘å—˜ª’¬,’n‹æŠO-5080523,,
11425-0312-2.zip,202302011212,–ké‹ÊŒS‘å—˜ª’¬,’n‹æŠO-5080524,,
11425-0312-2.zip,202302011212,–ké‹ÊŒS‘å—˜ª’¬,’n‹æŠO-5080525,,
11425-0312-2.zip,202302011212,–ké‹ÊŒS‘å—˜ª’¬,’n‹æŠO-5080526,,
11425-0312-2.zip,202302011212,–ké‹ÊŒS‘å—˜ª’¬,’n‹æŠO-5080527,,
11425-0312-2.zip,202302011212,–ké‹ÊŒS‘å—˜ª’¬,’n‹æŠO-5080528,,
11425-0312-2.zip,202302011212,–ké‹ÊŒS‘å—˜ª’¬,’n‹æŠO-5080529,,
11425-0312-2.zip,202302011212,–ké‹ÊŒS‘å—˜ª’¬,’n‹æŠO-5080530,,
11425-0312-2.zip,202302011212,–ké‹ÊŒS‘å—˜ª’¬,’n‹æŠO-5080531,,
11425-0312-2.zip,202302011212,–ké‹ÊŒS‘å—˜ª’¬,’n‹æŠO-5080532,,
11425-0312-2.zip,202302011212,–ké‹ÊŒS‘å—˜ª’¬,’n‹æŠO-5080533,,
11425-0312-2.zip,202302011212,–ké‹ÊŒS‘å—˜ª’¬,’n‹æŠO-5080534,,
11425-0312-2.zip,202302011212,–ké‹ÊŒS‘å—˜ª’¬,’n‹æŠO-5080535,,
11425-0312-2.zip,202302011212,–ké‹ÊŒS‘å—˜ª’¬,’n‹æŠO-5080536,,
11425-0312-2.zip,202302011212,–ké‹ÊŒS‘å—˜ª’¬,’n‹æŠO-5080537,,
11425-0312-2.zip,202302011212,–ké‹ÊŒS‘å—˜ª’¬,’n‹æŠO-5080538,,
11425-0312-2.zip,202302011212,–ké‹ÊŒS‘å—˜ª’¬,’n‹æŠO-5080539,,
11425-0312-2.zip,202302011212,–ké‹ÊŒS‘å—˜ª’¬,’n‹æŠO-5080540,,
11425-0312-2.zip,202302011212,–ké‹ÊŒS‘å—˜ª’¬,’n‹æŠO-5080541,,
11425-0312-2.zip,202302011212,–ké‹ÊŒS‘å—˜ª’¬,’n‹æŠO-5080542,,
11425-0312-2.zip,202302011212,–ké‹ÊŒS‘å—˜ª’¬,’n‹æŠO-5080543,,
11425-0312-2.zip,202302011212,–ké‹ÊŒS‘å—˜ª’¬,’n‹æŠO-5080544,,
11425-0312-2.zip,202302011212,–ké‹ÊŒS‘å—˜ª’¬,’n‹æŠO-5080545,,
11425-0312-2.zip,202302011212,–ké‹ÊŒS‘å—˜ª’¬,’n‹æŠO-5080546,,
11425-0312-2.zip,202302011212,–ké‹ÊŒS‘å—˜ª’¬,’n‹æŠO-5080548,,
11425-0312-2.zip,202302011212,–ké‹ÊŒS‘å—˜ª’¬,’n‹æŠO-5080549,,
11425-0312-2.zip,202302011212,–ké‹ÊŒS‘å—˜ª’¬,’n‹æŠO-5080550,,
11425-0312-2.zip,202302011212,–ké‹ÊŒS‘å—˜ª’¬,’n‹æŠO-5080551,,
11425-0312-2.zip,202302011212,–ké‹ÊŒS‘å—˜ª’¬,’n‹æŠO-5080552,,
11425-0312-2.zip,202302011212,–ké‹ÊŒS‘å—˜ª’¬,’n‹æŠO-5080553,,
11425-0312-2.zip,202302011212,–ké‹ÊŒS‘å—˜ª’¬,’n‹æŠO-5080554,,
11425-0312-2.zip,202302011212,–ké‹ÊŒS‘å—˜ª’¬,’n‹æŠO-5080555,,
11425-0312-2.zip,202302011212,–ké‹ÊŒS‘å—˜ª’¬,’n‹æŠO-5080556,,
11425-0312-2.zip,202302011212,–ké‹ÊŒS‘å—˜ª’¬,’n‹æŠO-5080557,,
11425-0312-2.zip,202302011212,–ké‹ÊŒS‘å—˜ª’¬,’n‹æŠO-5080558,,
11425-0312-2.zip,202302011212,–ké‹ÊŒS‘å—˜ª’¬,’n‹æŠO-5080559,,
11425-0312-2.zip,202302011212,–ké‹ÊŒS‘å—˜ª’¬,’n‹æŠO-5080560,,
11425-0312-2.zip,202302011212,–ké‹ÊŒS‘å—˜ª’¬,’n‹æŠO-5080561,,
11425-0312-2.zip,202302011212,–ké‹ÊŒS‘å—˜ª’¬,’n‹æŠO-5080562,,
11425-0312-2.zip,202302011212,–ké‹ÊŒS‘å—˜ª’¬,’n‹æŠO-5080563,,
11425-0312-2.zip,202302011212,–ké‹ÊŒS‘å—˜ª’¬,’n‹æŠO-5080564,,
11425-0312-2.zip,202302011212,–ké‹ÊŒS‘å—˜ª’¬,’n‹æŠO-5080565,,
11425-0312-2.zip,202302011212,–ké‹ÊŒS‘å—˜ª’¬,’n‹æŠO-5080566,,
11425-0312-2.zip,202302011212,–ké‹ÊŒS‘å—˜ª’¬,’n‹æŠO-5080567,,
11425-0312-2.zip,202302011212,–ké‹ÊŒS‘å—˜ª’¬,’n‹æŠO-5080568,,
11425-0312-2.zip,202302011212,–ké‹ÊŒS‘å—˜ª’¬,’n‹æŠO-5080569,,
11425-0312-2.zip,202302011212,–ké‹ÊŒS‘å—˜ª’¬,’n‹æŠO-5080570,,
11425-0312-2.zip,202302011212,–ké‹ÊŒS‘å—˜ª’¬,’n‹æŠO-5080571,,
11425-0312-2.zip,202302011212,–ké‹ÊŒS‘å—˜ª’¬,’n‹æŠO-5080572,,
11425-0312-2.zip,202302011212,–ké‹ÊŒS‘å—˜ª’¬,’n‹æŠO-5080573,,
11425-0312-2.zip,202302011212,–ké‹ÊŒS‘å—˜ª’¬,’n‹æŠO-5080574,,
11425-0312-2.zip,202302011212,–ké‹ÊŒS‘å—˜ª’¬,’n‹æŠO-5080575,,
11425-0312-2.zip,202302011212,–ké‹ÊŒS‘å—˜ª’¬,’n‹æŠO-5080492,,
11425-0312-2.zip,202302011212,–ké‹ÊŒS‘å—˜ª’¬‘åš×ŠÔ,…-481,,
11425-0312-2.zip,202302011212,–ké‹ÊŒS‘å—˜ª’¬,’n‹æŠO-5080547,,
11425-0312-2.zip,202302011212,–ké‹ÊŒS‘å—˜ª’¬,’n‹æŠO-5080576,,
11425-0312-2.zip,202302011212,–ké‹ÊŒS‘å—˜ª’¬‘åš×ŠÔ,…-489,,
11425-0312-2.zip,202302011212,–ké‹ÊŒS‘å—˜ª’¬‘åš»Œ´,1354-2,,
11425-0312-2.zip,202302011212,–ké‹ÊŒS‘å—˜ª’¬‘åš»Œ´,1354-1,,
11425-0312-2.zip,202302011212,–ké‹ÊŒS‘å—˜ª’¬‘åš»Œ´,1359-1,,
11425-0312-3.zip,202302011212,–ké‹ÊŒS‘å—˜ª’¬‘åšŠøˆä,8,,
11425-0312-3.zip,202302011212,–ké‹ÊŒS‘å—˜ª’¬‘åšŠøˆä,16-3,,
11425-0312-3.zip,202302011212,–ké‹ÊŒS‘å—˜ª’¬‘åšŠøˆä,26-4,,
11425-0312-3.zip,202302011212,–ké‹ÊŒS‘å—˜ª’¬‘åšŠøˆä,197-4,,
11425-0312-3.zip,202302011212,–ké‹ÊŒS‘å—˜ª’¬‘åšŠøˆä,228-2,,
11425-0312-3.zip,202302011212,–ké‹ÊŒS‘å—˜ª’¬‘åšŠøˆä,600-3,,
11425-0312-3.zip,202302011212,–ké‹ÊŒS‘å—˜ª’¬‘åšŠøˆä,631-2,,
11425-0312-3.zip,202302011212,–ké‹ÊŒS‘å—˜ª’¬‘åšŠøˆä,634-5,,
11425-0312-3.zip,202302011212,–ké‹ÊŒS‘å—˜ª’¬‘åšŠøˆä,650-3,,
11425-0312-3.zip,202302011212,–ké‹ÊŒS‘å—˜ª’¬‘åšŠøˆä,651-6,,
11425-0312-3.zip,202302011212,–ké‹ÊŒS‘å—˜ª’¬‘åšŠøˆä,658-2,,
11425-0312-3.zip,202302011212,–ké‹ÊŒS‘å—˜ª’¬‘åšŠøˆä,829-8,,
11425-0312-3.zip,202302011212,–ké‹ÊŒS‘å—˜ª’¬‘åšŠøˆä,829-9,,
11425-0312-3.zip,202302011212,–ké‹ÊŒS‘å—˜ª’¬‘åšŠøˆä,858-4,,
11425-0312-3.zip,202302011212,–ké‹ÊŒS‘å—˜ª’¬‘åšŠøˆä,900-2,,
11425-0312-3.zip,202302011212,–ké‹ÊŒS‘å—˜ª’¬‘åšŠøˆä,943-5,,
11425-0312-3.zip,202302011212,–ké‹ÊŒS‘å—˜ª’¬‘åšŠøˆä,1036-2,,
11425-0312-3.zip,202302011212,–ké‹ÊŒS‘å—˜ª’¬‘åšŠøˆä,1278-1,,
11425-0312-3.zip,202302011212,–ké‹ÊŒS‘å—˜ª’¬‘åšŠøˆä,1328-4,,
11425-0312-3.zip,202302011212,–ké‹ÊŒS‘å—˜ª’¬‘åšŠøˆä,1338-5,,
11425-0312-3.zip,202302011212,–ké‹ÊŒS‘å—˜ª’¬‘åšŠøˆä,1342-2,,
11425-0312-3.zip,202302011212,–ké‹ÊŒS‘å—˜ª’¬‘åšŠøˆä,1389-3,,
11425-0312-3.zip,202302011212,–ké‹ÊŒS‘å—˜ª’¬‘åšŠøˆä,1464,,
11425-0312-3.zip,202302011212,–ké‹ÊŒS‘å—˜ª’¬‘åšŠøˆä,1488-2,,
11425-0312-3.zip,202302011212,–ké‹ÊŒS‘å—˜ª’¬‘åšŠøˆä,1623-3,,
11425-0312-3.zip,202302011212,–ké‹ÊŒS‘å—˜ª’¬‘åšŠøˆä,2878-4,,
11425-0312-3.zip,202302011212,–ké‹ÊŒS‘å—˜ª’¬‘åšVì’Ê,153-4,,
11425-0312-3.zip,202302011212,–ké‹ÊŒS‘å—˜ª’¬‘åšVì’Ê,269-3,,
11425-0312-3.zip,202302011212,–ké‹ÊŒS‘å—˜ª’¬‘åšVì’Ê,347-2,,
11425-0312-3.zip,202302011212,–ké‹ÊŒS‘å—˜ª’¬‘åšVì’Ê,376-2,,
11425-0312-3.zip,202302011212,–ké‹ÊŒS‘å—˜ª’¬‘åšVì’Ê,537-4,,
11425-0312-3.zip,202302011212,–ké‹ÊŒS‘å—˜ª’¬‘åšVì’Ê,560-3,,
11425-0312-3.zip,202302011212,–ké‹ÊŒS‘å—˜ª’¬‘åšVì’Ê,793-2,,
11425-0312-3.zip,202302011212,–ké‹ÊŒS‘å—˜ª’¬‘åšVì’Ê,’·‹·•¨•s–¾-358-1,,
11425-0312-3.zip,202302011212,–ké‹ÊŒS‘å—˜ª’¬‘åš’†“n,17-3,,
11425-0312-3.zip,202302011212,–ké‹ÊŒS‘å—˜ª’¬‘åš’†“n,67-4,,
11425-0312-3.zip,202302011212,–ké‹ÊŒS‘å—˜ª’¬‘åš’†“n,69-8,,
11425-0312-3.zip,202302011212,–ké‹ÊŒS‘å—˜ª’¬‘åš’†“n,82-4,,
11425-0312-3.zip,202302011212,–ké‹ÊŒS‘å—˜ª’¬‘åš’†“n,178-10,,
11425-0312-3.zip,202302011212,–ké‹ÊŒS‘å—˜ª’¬‘åš’†“n,222-2,,
11425-0312-3.zip,202302011212,–ké‹ÊŒS‘å—˜ª’¬‘åš’†“n,257-1,,
11425-0312-3.zip,202302011212,–ké‹ÊŒS‘å—˜ª’¬‘åš’†“n,328-4,,
11425-0312-3.zip,202302011212,–ké‹ÊŒS‘å—˜ª’¬‘åš’†“n,336-55,,
11425-0312-3.zip,202302011212,–ké‹ÊŒS‘å—˜ª’¬‘åš’†“n,375-2,,
11425-0312-3.zip,202302011212,–ké‹ÊŒS‘å—˜ª’¬‘åš–í•º‰q,18-4,,
11425-0312-3.zip,202302011212,–ké‹ÊŒS‘å—˜ª’¬‘åš–í•º‰q,109-6,,
11425-0312-3.zip,202302011212,–ké‹ÊŒS‘å—˜ª’¬‘åš–í•º‰q,166-7,,
11425-0312-3.zip,202302011212,–ké‹ÊŒS‘å—˜ª’¬‘åš–í•º‰q,489-5,,
11425-0312-3.zip,202302011212,–ké‹ÊŒS‘å—˜ª’¬‘åš–í•º‰q,…-61-1,,
11425-0312-3.zip,202302011212,–ké‹ÊŒS‘å—˜ª’¬,’n‹æŠO-5097122,,
11425-0312-3.zip,202302011212,–ké‹ÊŒS‘å—˜ª’¬,’n‹æŠO-5097123,,
11425-0312-3.zip,202302011212,–ké‹ÊŒS‘å—˜ª’¬,’n‹æŠO-5097124,,
11425-0312-3.zip,202302011212,–ké‹ÊŒS‘å—˜ª’¬,’n‹æŠO-5097125,,
11425-0312-3.zip,202302011212,–ké‹ÊŒS‘å—˜ª’¬,’n‹æŠO-5097126,,
11425-0312-3.zip,202302011212,–ké‹ÊŒS‘å—˜ª’¬,’n‹æŠO-5097127,,
11425-0312-3.zip,202302011212,–ké‹ÊŒS‘å—˜ª’¬,’n‹æŠO-5097128,,
11425-0312-3.zip,202302011212,–ké‹ÊŒS‘å—˜ª’¬,’n‹æŠO-5097129,,
11425-0312-3.zip,202302011212,–ké‹ÊŒS‘å—˜ª’¬,’n‹æŠO-5097130,,
11425-0312-3.zip,202302011212,–ké‹ÊŒS‘å—˜ª’¬,’n‹æŠO-5097131,,
11425-0312-3.zip,202302011212,–ké‹ÊŒS‘å—˜ª’¬,’n‹æŠO-5097133,,
11425-0312-3.zip,202302011212,–ké‹ÊŒS‘å—˜ª’¬,’n‹æŠO-5097134,,
11425-0312-3.zip,202302011212,–ké‹ÊŒS‘å—˜ª’¬,’n‹æŠO-5097135,,
11425-0312-3.zip,202302011212,–ké‹ÊŒS‘å—˜ª’¬,’n‹æŠO-5097136,,
11425-0312-3.zip,202302011212,–ké‹ÊŒS‘å—˜ª’¬,’n‹æŠO-5097137,,
11425-0312-3.zip,202302011212,–ké‹ÊŒS‘å—˜ª’¬,’n‹æŠO-5097138,,
11425-0312-3.zip,202302011212,–ké‹ÊŒS‘å—˜ª’¬,’n‹æŠO-5097139,,
11425-0312-3.zip,202302011212,–ké‹ÊŒS‘å—˜ª’¬,’n‹æŠO-5097140,,
11425-0312-3.zip,202302011212,–ké‹ÊŒS‘å—˜ª’¬,’n‹æŠO-5097141,,
11425-0312-3.zip,202302011212,–ké‹ÊŒS‘å—˜ª’¬,’n‹æŠO-5097142,,
11425-0312-3.zip,202302011212,–ké‹ÊŒS‘å—˜ª’¬,’n‹æŠO-5097143,,
11425-0312-3.zip,202302011212,–ké‹ÊŒS‘å—˜ª’¬,’n‹æŠO-5097144,,
11425-0312-3.zip,202302011212,–ké‹ÊŒS‘å—˜ª’¬,’n‹æŠO-5097145,,
11425-0312-3.zip,202302011212,–ké‹ÊŒS‘å—˜ª’¬,’n‹æŠO-5097146,,
11425-0312-3.zip,202302011212,–ké‹ÊŒS‘å—˜ª’¬,’n‹æŠO-5097147,,
11425-0312-3.zip,202302011212,–ké‹ÊŒS‘å—˜ª’¬,’n‹æŠO-5097148,,
11425-0312-3.zip,202302011212,–ké‹ÊŒS‘å—˜ª’¬,’n‹æŠO-5097149,,
11425-0312-3.zip,202302011212,–ké‹ÊŒS‘å—˜ª’¬,’n‹æŠO-5097150,,
11425-0312-3.zip,202302011212,–ké‹ÊŒS‘å—˜ª’¬,’n‹æŠO-5097151,,
11425-0312-3.zip,202302011212,–ké‹ÊŒS‘å—˜ª’¬,’n‹æŠO-5097152,,
11425-0312-3.zip,202302011212,–ké‹ÊŒS‘å—˜ª’¬,’n‹æŠO-5097153,,
11425-0312-3.zip,202302011212,–ké‹ÊŒS‘å—˜ª’¬,’n‹æŠO-5097155,,
11425-0312-3.zip,202302011212,–ké‹ÊŒS‘å—˜ª’¬,’n‹æŠO-5097156,,
11425-0312-3.zip,202302011212,–ké‹ÊŒS‘å—˜ª’¬,’n‹æŠO-5097157,,
11425-0312-3.zip,202302011212,–ké‹ÊŒS‘å—˜ª’¬,’n‹æŠO-5097158,,
11425-0312-3.zip,202302011212,–ké‹ÊŒS‘å—˜ª’¬,’n‹æŠO-5097159,,
11425-0312-3.zip,202302011212,–ké‹ÊŒS‘å—˜ª’¬,’n‹æŠO-5097160,,
11425-0312-3.zip,202302011212,–ké‹ÊŒS‘å—˜ª’¬,’n‹æŠO-5097161,,
11425-0312-3.zip,202302011212,–ké‹ÊŒS‘å—˜ª’¬,’n‹æŠO-5097162,,
11425-0312-3.zip,202302011212,–ké‹ÊŒS‘å—˜ª’¬,’n‹æŠO-5097163,,
11425-0312-3.zip,202302011212,–ké‹ÊŒS‘å—˜ª’¬,’n‹æŠO-5097164,,
11425-0312-3.zip,202302011212,–ké‹ÊŒS‘å—˜ª’¬,’n‹æŠO-5097165,,
11425-0312-3.zip,202302011212,–ké‹ÊŒS‘å—˜ª’¬,’n‹æŠO-5097166,,
11425-0312-3.zip,202302011212,–ké‹ÊŒS‘å—˜ª’¬,’n‹æŠO-5097167,,
11425-0312-3.zip,202302011212,–ké‹ÊŒS‘å—˜ª’¬,’n‹æŠO-5097168,,
11425-0312-3.zip,202302011212,–ké‹ÊŒS‘å—˜ª’¬,’n‹æŠO-5097169,,
11425-0312-3.zip,202302011212,–ké‹ÊŒS‘å—˜ª’¬,’n‹æŠO-5097170,,
11425-0312-3.zip,202302011212,–ké‹ÊŒS‘å—˜ª’¬,’n‹æŠO-5097171,,
11425-0312-3.zip,202302011212,–ké‹ÊŒS‘å—˜ª’¬,’n‹æŠO-5097172,,
11425-0312-3.zip,202302011212,–ké‹ÊŒS‘å—˜ª’¬,’n‹æŠO-5097173,,
11425-0312-3.zip,202302011212,–ké‹ÊŒS‘å—˜ª’¬,’n‹æŠO-5097174,,
11425-0312-3.zip,202302011212,–ké‹ÊŒS‘å—˜ª’¬,’n‹æŠO-5097175,,
11425-0312-3.zip,202302011212,–ké‹ÊŒS‘å—˜ª’¬,’n‹æŠO-5097176,,
11425-0312-3.zip,202302011212,–ké‹ÊŒS‘å—˜ª’¬,’n‹æŠO-5097177,,
11425-0312-3.zip,202302011212,–ké‹ÊŒS‘å—˜ª’¬,’n‹æŠO-5097178,,
11425-0312-3.zip,202302011212,–ké‹ÊŒS‘å—˜ª’¬,’n‹æŠO-5097179,,
11425-0312-3.zip,202302011212,–ké‹ÊŒS‘å—˜ª’¬,’n‹æŠO-5097180,,
11425-0312-3.zip,202302011212,–ké‹ÊŒS‘å—˜ª’¬,’n‹æŠO-5097181,,
11425-0312-3.zip,202302011212,–ké‹ÊŒS‘å—˜ª’¬,’n‹æŠO-5097182,,
11425-0312-3.zip,202302011212,–ké‹ÊŒS‘å—˜ª’¬,’n‹æŠO-5097183,,
11425-0312-3.zip,202302011212,–ké‹ÊŒS‘å—˜ª’¬,’n‹æŠO-5097184,,
11425-0312-3.zip,202302011212,–ké‹ÊŒS‘å—˜ª’¬,’n‹æŠO-5097185,,
11425-0312-3.zip,202302011212,–ké‹ÊŒS‘å—˜ª’¬,’n‹æŠO-5097186,,
11425-0312-3.zip,202302011212,–ké‹ÊŒS‘å—˜ª’¬,’n‹æŠO-5097187,,
11425-0312-3.zip,202302011212,–ké‹ÊŒS‘å—˜ª’¬,’n‹æŠO-5097188,,
11425-0312-3.zip,202302011212,–ké‹ÊŒS‘å—˜ª’¬,’n‹æŠO-5097189,,
11425-0312-3.zip,202302011212,–ké‹ÊŒS‘å—˜ª’¬,’n‹æŠO-5097190,,
11425-0312-3.zip,202302011212,–ké‹ÊŒS‘å—˜ª’¬,’n‹æŠO-5097191,,
11425-0312-3.zip,202302011212,–ké‹ÊŒS‘å—˜ª’¬,’n‹æŠO-5097192,,
11425-0312-3.zip,202302011212,–ké‹ÊŒS‘å—˜ª’¬,’n‹æŠO-5097193,,
11425-0312-3.zip,202302011212,–ké‹ÊŒS‘å—˜ª’¬,’n‹æŠO-5097194,,
11425-0312-3.zip,202302011212,–ké‹ÊŒS‘å—˜ª’¬,’n‹æŠO-5097195,,
11425-0312-3.zip,202302011212,–ké‹ÊŒS‘å—˜ª’¬,’n‹æŠO-5097196,,
11425-0312-3.zip,202302011212,–ké‹ÊŒS‘å—˜ª’¬,’n‹æŠO-5097197,,
11425-0312-3.zip,202302011212,–ké‹ÊŒS‘å—˜ª’¬,’n‹æŠO-5097198,,
11425-0312-3.zip,202302011212,–ké‹ÊŒS‘å—˜ª’¬,’n‹æŠO-5097199,,
11425-0312-3.zip,202302011212,–ké‹ÊŒS‘å—˜ª’¬,’n‹æŠO-5097202,,
11425-0312-3.zip,202302011212,–ké‹ÊŒS‘å—˜ª’¬,’n‹æŠO-5097203,,
11425-0312-3.zip,202302011212,–ké‹ÊŒS‘å—˜ª’¬,’n‹æŠO-5097204,,
11425-0312-3.zip,202302011212,–ké‹ÊŒS‘å—˜ª’¬,’n‹æŠO-5097205,,
11425-0312-3.zip,202302011212,–ké‹ÊŒS‘å—˜ª’¬,’n‹æŠO-5097206,,
11425-0312-3.zip,202302011212,–ké‹ÊŒS‘å—˜ª’¬,’n‹æŠO-5097207,,
11425-0312-3.zip,202302011212,–ké‹ÊŒS‘å—˜ª’¬,’n‹æŠO-5097209,,
11425-0312-3.zip,202302011212,–ké‹ÊŒS‘å—˜ª’¬,’n‹æŠO-5097210,,
11425-0312-3.zip,202302011212,–ké‹ÊŒS‘å—˜ª’¬,’n‹æŠO-5097211,,
11425-0312-3.zip,202302011212,–ké‹ÊŒS‘å—˜ª’¬,’n‹æŠO-5097212,,
11425-0312-3.zip,202302011212,–ké‹ÊŒS‘å—˜ª’¬,’n‹æŠO-5097213,,
11425-0312-3.zip,202302011212,–ké‹ÊŒS‘å—˜ª’¬,’n‹æŠO-5097214,,
11425-0312-3.zip,202302011212,–ké‹ÊŒS‘å—˜ª’¬,’n‹æŠO-5097215,,
11425-0312-3.zip,202302011212,–ké‹ÊŒS‘å—˜ª’¬,’n‹æŠO-5097216,,
11425-0312-3.zip,202302011212,–ké‹ÊŒS‘å—˜ª’¬,’n‹æŠO-5097217,,
11425-0312-3.zip,202302011212,–ké‹ÊŒS‘å—˜ª’¬,’n‹æŠO-5097218,,
11425-0312-3.zip,202302011212,–ké‹ÊŒS‘å—˜ª’¬,’n‹æŠO-5097219,,
11425-0312-3.zip,202302011212,–ké‹ÊŒS‘å—˜ª’¬,’n‹æŠO-5097220,,
11425-0312-3.zip,202302011212,–ké‹ÊŒS‘å—˜ª’¬,’n‹æŠO-5097221,,
11425-0312-3.zip,202302011212,–ké‹ÊŒS‘å—˜ª’¬,’n‹æŠO-5097222,,
11425-0312-3.zip,202302011212,–ké‹ÊŒS‘å—˜ª’¬,’n‹æŠO-5097223,,
11425-0312-3.zip,202302011212,–ké‹ÊŒS‘å—˜ª’¬,’n‹æŠO-5097224,,
11425-0312-3.zip,202302011212,–ké‹ÊŒS‘å—˜ª’¬,’n‹æŠO-5097225,,
11425-0312-3.zip,202302011212,–ké‹ÊŒS‘å—˜ª’¬,’n‹æŠO-5097226,,
11425-0312-3.zip,202302011212,–ké‹ÊŒS‘å—˜ª’¬,’n‹æŠO-5097227,,
11425-0312-3.zip,202302011212,–ké‹ÊŒS‘å—˜ª’¬,’n‹æŠO-5097228,,
11425-0312-3.zip,202302011212,–ké‹ÊŒS‘å—˜ª’¬,’n‹æŠO-5097229,,
11425-0312-3.zip,202302011212,–ké‹ÊŒS‘å—˜ª’¬,’n‹æŠO-5097230,,
11425-0312-3.zip,202302011212,–ké‹ÊŒS‘å—˜ª’¬,’n‹æŠO-5097233,,
11425-0312-3.zip,202302011212,–ké‹ÊŒS‘å—˜ª’¬,’n‹æŠO-5097200,,
11425-0312-3.zip,202302011212,–ké‹ÊŒS‘å—˜ª’¬‘åšŠøˆä,658-4,,
11425-0312-3.zip,202302011212,–ké‹ÊŒS‘å—˜ª’¬‘åšŠøˆä,1100-6,,
11425-0312-3.zip,202302011212,–ké‹ÊŒS‘å—˜ª’¬‘åšVì’Ê,391-2,,
11425-0312-3.zip,202302011212,–ké‹ÊŒS‘å—˜ª’¬‘åš–í•º‰q,489-4,,
11425-0312-3.zip,202302011212,–ké‹ÊŒS‘å—˜ª’¬‘åšŠøˆä,493-4,,
11425-0312-3.zip,202302011212,–ké‹ÊŒS‘å—˜ª’¬‘åšŠøˆä,803-6,,
11425-0312-3.zip,202302011212,–ké‹ÊŒS‘å—˜ª’¬,’n‹æŠO-5097231,,
11425-0312-3.zip,202302011212,–ké‹ÊŒS‘å—˜ª’¬‘åšŠøˆä,18-4,,
11425-0312-3.zip,202302011212,–ké‹ÊŒS‘å—˜ª’¬‘åšVì’Ê,526-6,,
11425-0312-3.zip,202302011212,–ké‹ÊŒS‘å—˜ª’¬,’n‹æŠO-5097208,,
11425-0312-3.zip,202302011212,–ké‹ÊŒS‘å—˜ª’¬,’n‹æŠO-5097201,,
11425-0312-3.zip,202302011212,–ké‹ÊŒS‘å—˜ª’¬,’n‹æŠO-5097154,,
11425-0312-3.zip,202302011212,–ké‹ÊŒS‘å—˜ª’¬,’n‹æŠO-5097132,,
11425-0312-3.zip,202302011212,–ké‹ÊŒS‘å—˜ª’¬,’n‹æŠO-5097232,,
11425-0312-4.zip,202302011212,–ké‹ÊŒS‘å—˜ª’¬‘åš‹ÕŠñ,258-3,,
11425-0312-4.zip,202302011212,–ké‹ÊŒS‘å—˜ª’¬‘åš‹ÕŠñ,260-2,,
11425-0312-4.zip,202302011212,–ké‹ÊŒS‘å—˜ª’¬‘åš‹ÕŠñ,261-5,,
11425-0312-4.zip,202302011212,–ké‹ÊŒS‘å—˜ª’¬‘åš‹ÕŠñ,261-6,,
11425-0312-4.zip,202302011212,–ké‹ÊŒS‘å—˜ª’¬‘åš‹ÕŠñ,314-2,,
11425-0312-4.zip,202302011212,–ké‹ÊŒS‘å—˜ª’¬‘åš‹ÕŠñ,419-5,,
11425-0312-4.zip,202302011212,–ké‹ÊŒS‘å—˜ª’¬‘åš‹ÕŠñ,459-3,,
11425-0312-4.zip,202302011212,–ké‹ÊŒS‘å—˜ª’¬‘åš‹ÕŠñ,588-3,,
11425-0312-4.zip,202302011212,–ké‹ÊŒS‘å—˜ª’¬‘åš‹ÕŠñ,661-5,,
11425-0312-4.zip,202302011212,–ké‹ÊŒS‘å—˜ª’¬‘åš‹ÕŠñ,796-6,,
11425-0312-4.zip,202302011212,–ké‹ÊŒS‘å—˜ª’¬‘åš‹ÕŠñ,862-2,,
11425-0312-4.zip,202302011212,–ké‹ÊŒS‘å—˜ª’¬‘åš‹ÕŠñ,883-4,,
11425-0312-4.zip,202302011212,–ké‹ÊŒS‘å—˜ª’¬‘åš‹ÕŠñ,1283-5,,
11425-0312-4.zip,202302011212,–ké‹ÊŒS‘å—˜ª’¬‘åš‹ÕŠñ,1656-10,,
11425-0312-4.zip,202302011212,–ké‹ÊŒS‘å—˜ª’¬‘åš‹ÕŠñ,1656-11,,
11425-0312-4.zip,202302011212,–ké‹ÊŒS‘å—˜ª’¬‘åš‹ÕŠñ,1705-3,,
11425-0312-4.zip,202302011212,–ké‹ÊŒS‘å—˜ª’¬‘åš‹ÕŠñ,1720-3,,
11425-0312-4.zip,202302011212,–ké‹ÊŒS‘å—˜ª’¬‘åš‹ÕŠñ,1785-10,,
11425-0312-4.zip,202302011212,–ké‹ÊŒS‘å—˜ª’¬‘åš‹ÕŠñ,1786-8,,
11425-0312-4.zip,202302011212,–ké‹ÊŒS‘å—˜ª’¬‘åš‹ÕŠñ,1867-14,,
11425-0312-4.zip,202302011212,–ké‹ÊŒS‘å—˜ª’¬‘åš‹ÕŠñ,1919-4,,
11425-0312-4.zip,202302011212,–ké‹ÊŒS‘å—˜ª’¬‘åš‹ÕŠñ,1948-23,,
11425-0312-4.zip,202302011212,–ké‹ÊŒS‘å—˜ª’¬‘åš‹ÕŠñ,1953-3,,
11425-0312-4.zip,202302011212,–ké‹ÊŒS‘å—˜ª’¬‘åš‹ÕŠñ,2153-5,,
11425-0312-4.zip,202302011212,–ké‹ÊŒS‘å—˜ª’¬‘åš‹ÕŠñ,2309-2,,
11425-0312-4.zip,202302011212,–ké‹ÊŒS‘å—˜ª’¬‘åš‹ÕŠñ,2379-3,,
11425-0312-4.zip,202302011212,–ké‹ÊŒS‘å—˜ª’¬‘åš‹ÕŠñ,2442-4,,
11425-0312-4.zip,202302011212,–ké‹ÊŒS‘å—˜ª’¬‘åš‹ÕŠñ,2556-5,,
11425-0312-4.zip,202302011212,–ké‹ÊŒS‘å—˜ª’¬‘åš‹ÕŠñ,2723,,
11425-0312-4.zip,202302011212,–ké‹ÊŒS‘å—˜ª’¬‘åš‹ÕŠñ,2727,,
11425-0312-4.zip,202302011212,–ké‹ÊŒS‘å—˜ª’¬‘åš‹ÕŠñ,–³’n”Ô-67,,
11425-0312-4.zip,202302011212,–ké‹ÊŒS‘å—˜ª’¬‘åš–k‰ºVˆä,1-4,,
11425-0312-4.zip,202302011212,–ké‹ÊŒS‘å—˜ª’¬‘åš–k‰ºVˆä,8-2,,
11425-0312-4.zip,202302011212,–ké‹ÊŒS‘å—˜ª’¬‘åš–k‰ºVˆä,31-2,,
11425-0312-4.zip,202302011212,–ké‹ÊŒS‘å—˜ª’¬‘åš–k‰ºVˆä,136-2,,
11425-0312-4.zip,202302011212,–ké‹ÊŒS‘å—˜ª’¬‘åš–k‰ºVˆä,209-2,,
11425-0312-4.zip,202302011212,–ké‹ÊŒS‘å—˜ª’¬‘åš–k‰ºVˆä,322-2,,
11425-0312-4.zip,202302011212,–ké‹ÊŒS‘å—˜ª’¬‘åš–k‰ºVˆä,395-2,,
11425-0312-4.zip,202302011212,–ké‹ÊŒS‘å—˜ª’¬‘åš–k‰ºVˆä,396-5,,
11425-0312-4.zip,202302011212,–ké‹ÊŒS‘å—˜ª’¬‘åš–k‰ºVˆä,404-6,,
11425-0312-4.zip,202302011212,–ké‹ÊŒS‘å—˜ª’¬‘åš–k‰ºVˆä,417-6,,
11425-0312-4.zip,202302011212,–ké‹ÊŒS‘å—˜ª’¬‘åš–k‰ºVˆä,422-5,,
11425-0312-4.zip,202302011212,–ké‹ÊŒS‘å—˜ª’¬‘åš–k‰ºVˆä,623-3,,
11425-0312-4.zip,202302011212,–ké‹ÊŒS‘å—˜ª’¬‘åš–k‰ºVˆä,669-4,,
11425-0312-4.zip,202302011212,–ké‹ÊŒS‘å—˜ª’¬‘åš–k‰ºVˆä,718-3,,
11425-0312-4.zip,202302011212,–ké‹ÊŒS‘å—˜ª’¬‘åš–k‰ºVˆä,727-3,,
11425-0312-4.zip,202302011212,–ké‹ÊŒS‘å—˜ª’¬‘åš–k‰ºVˆä,760-2,,
11425-0312-4.zip,202302011212,–ké‹ÊŒS‘å—˜ª’¬‘åš–k‰ºVˆä,765-2,,
11425-0312-4.zip,202302011212,–ké‹ÊŒS‘å—˜ª’¬‘åš–k‰ºVˆä,873-3,,
11425-0312-4.zip,202302011212,–ké‹ÊŒS‘å—˜ª’¬‘åš–k‰ºVˆä,874-3,,
11425-0312-4.zip,202302011212,–ké‹ÊŒS‘å—˜ª’¬‘åš–k‰ºVˆä,878-4,,
11425-0312-4.zip,202302011212,–ké‹ÊŒS‘å—˜ª’¬‘åš–k‰ºVˆä,905-2,,
11425-0312-4.zip,202302011212,–ké‹ÊŒS‘å—˜ª’¬‘åš–k‰ºVˆä,906-2,,
11425-0312-4.zip,202302011212,–ké‹ÊŒS‘å—˜ª’¬‘åš–k‰ºVˆä,924-2,,
11425-0312-4.zip,202302011212,–ké‹ÊŒS‘å—˜ª’¬‘åš–k‰ºVˆä,1002-4,,
11425-0312-4.zip,202302011212,–ké‹ÊŒS‘å—˜ª’¬‘åš–k‰ºVˆä,1030-2,,
11425-0312-4.zip,202302011212,–ké‹ÊŒS‘å—˜ª’¬‘åš–k‰ºVˆä,1039-4,,
11425-0312-4.zip,202302011212,–ké‹ÊŒS‘å—˜ª’¬‘åš–k‰ºVˆä,1247-3,,
11425-0312-4.zip,202302011212,–ké‹ÊŒS‘å—˜ª’¬‘åš–k‰ºVˆä,1286-4,,
11425-0312-4.zip,202302011212,–ké‹ÊŒS‘å—˜ª’¬‘åš–k‰ºVˆä,1316-3,,
11425-0312-4.zip,202302011212,–ké‹ÊŒS‘å—˜ª’¬‘åš–k‰ºVˆä,1350-7,,
11425-0312-4.zip,202302011212,–ké‹ÊŒS‘å—˜ª’¬‘åš–k‰ºVˆä,1351-5,,
11425-0312-4.zip,202302011212,–ké‹ÊŒS‘å—˜ª’¬‘åš–k‰ºVˆä,1400-4,,
11425-0312-4.zip,202302011212,–ké‹ÊŒS‘å—˜ª’¬‘åš–k‰ºVˆä,1525-5,,
11425-0312-4.zip,202302011212,–ké‹ÊŒS‘å—˜ª’¬‘åš–k‰ºVˆä,1525-6,,
11425-0312-4.zip,202302011212,–ké‹ÊŒS‘å—˜ª’¬‘åš–k‰ºVˆä,1852-4,,
11425-0312-4.zip,202302011212,–ké‹ÊŒS‘å—˜ª’¬‘åš–k‰ºVˆä,2055,,
11425-0312-4.zip,202302011212,–ké‹ÊŒS‘å—˜ª’¬‘åš–k•½–ì,23-3,,
11425-0312-4.zip,202302011212,–ké‹ÊŒS‘å—˜ª’¬‘åš–k•½–ì,27-2,,
11425-0312-4.zip,202302011212,–ké‹ÊŒS‘å—˜ª’¬‘åš–k•½–ì,52-2,,
11425-0312-4.zip,202302011212,–ké‹ÊŒS‘å—˜ª’¬‘åš–k•½–ì,148-3,,
11425-0312-4.zip,202302011212,–ké‹ÊŒS‘å—˜ª’¬‘åš–k•½–ì,156-5,,
11425-0312-4.zip,202302011212,–ké‹ÊŒS‘å—˜ª’¬‘åš–k•½–ì,323-2,,
11425-0312-4.zip,202302011212,–ké‹ÊŒS‘å—˜ª’¬‘åš–k•½–ì,343-2,,
11425-0312-4.zip,202302011212,–ké‹ÊŒS‘å—˜ª’¬‘åš–k•½–ì,479-4,,
11425-0312-4.zip,202302011212,–ké‹ÊŒS‘å—˜ª’¬‘åš–k•½–ì,714-4,,
11425-0312-4.zip,202302011212,–ké‹ÊŒS‘å—˜ª’¬‘åš–k•½–ì,756-3,,
11425-0312-4.zip,202302011212,–ké‹ÊŒS‘å—˜ª’¬‘åš–k•½–ì,759-3,,
11425-0312-4.zip,202302011212,–ké‹ÊŒS‘å—˜ª’¬‘åš–k•½–ì,819-4,,
11425-0312-4.zip,202302011212,–ké‹ÊŒS‘å—˜ª’¬‘åš–k•½–ì,835-6,,
11425-0312-4.zip,202302011212,–ké‹ÊŒS‘å—˜ª’¬‘åš–k•½–ì,1387-2,,
11425-0312-4.zip,202302011212,–ké‹ÊŒS‘å—˜ª’¬,’n‹æŠO-5116349,,
11425-0312-4.zip,202302011212,–ké‹ÊŒS‘å—˜ª’¬,’n‹æŠO-5116350,,
11425-0312-4.zip,202302011212,–ké‹ÊŒS‘å—˜ª’¬,’n‹æŠO-5116351,,
11425-0312-4.zip,202302011212,–ké‹ÊŒS‘å—˜ª’¬,’n‹æŠO-5116352,,
11425-0312-4.zip,202302011212,–ké‹ÊŒS‘å—˜ª’¬,’n‹æŠO-5116353,,
11425-0312-4.zip,202302011212,–ké‹ÊŒS‘å—˜ª’¬,’n‹æŠO-5116354,,
11425-0312-4.zip,202302011212,–ké‹ÊŒS‘å—˜ª’¬,’n‹æŠO-5116355,,
11425-0312-4.zip,202302011212,–ké‹ÊŒS‘å—˜ª’¬,’n‹æŠO-5116356,,
11425-0312-4.zip,202302011212,–ké‹ÊŒS‘å—˜ª’¬,’n‹æŠO-5116357,,
11425-0312-4.zip,202302011212,–ké‹ÊŒS‘å—˜ª’¬,’n‹æŠO-5116358,,
11425-0312-4.zip,202302011212,–ké‹ÊŒS‘å—˜ª’¬,’n‹æŠO-5116359,,
11425-0312-4.zip,202302011212,–ké‹ÊŒS‘å—˜ª’¬,’n‹æŠO-5116360,,
11425-0312-4.zip,202302011212,–ké‹ÊŒS‘å—˜ª’¬,’n‹æŠO-5116361,,
11425-0312-4.zip,202302011212,–ké‹ÊŒS‘å—˜ª’¬,’n‹æŠO-5116362,,
11425-0312-4.zip,202302011212,–ké‹ÊŒS‘å—˜ª’¬,’n‹æŠO-5116363,,
11425-0312-4.zip,202302011212,–ké‹ÊŒS‘å—˜ª’¬,’n‹æŠO-5116364,,
11425-0312-4.zip,202302011212,–ké‹ÊŒS‘å—˜ª’¬,’n‹æŠO-5116365,,
11425-0312-4.zip,202302011212,–ké‹ÊŒS‘å—˜ª’¬,’n‹æŠO-5116366,,
11425-0312-4.zip,202302011212,–ké‹ÊŒS‘å—˜ª’¬,’n‹æŠO-5116367,,
11425-0312-4.zip,202302011212,–ké‹ÊŒS‘å—˜ª’¬,’n‹æŠO-5116368,,
11425-0312-4.zip,202302011212,–ké‹ÊŒS‘å—˜ª’¬,’n‹æŠO-5116369,,
11425-0312-4.zip,202302011212,–ké‹ÊŒS‘å—˜ª’¬,’n‹æŠO-5116370,,
11425-0312-4.zip,202302011212,–ké‹ÊŒS‘å—˜ª’¬,’n‹æŠO-5116372,,
11425-0312-4.zip,202302011212,–ké‹ÊŒS‘å—˜ª’¬,’n‹æŠO-5116373,,
11425-0312-4.zip,202302011212,–ké‹ÊŒS‘å—˜ª’¬,’n‹æŠO-5116374,,
11425-0312-4.zip,202302011212,–ké‹ÊŒS‘å—˜ª’¬,’n‹æŠO-5116375,,
11425-0312-4.zip,202302011212,–ké‹ÊŒS‘å—˜ª’¬,’n‹æŠO-5116376,,
11425-0312-4.zip,202302011212,–ké‹ÊŒS‘å—˜ª’¬,’n‹æŠO-5116377,,
11425-0312-4.zip,202302011212,–ké‹ÊŒS‘å—˜ª’¬,’n‹æŠO-5116378,,
11425-0312-4.zip,202302011212,–ké‹ÊŒS‘å—˜ª’¬,’n‹æŠO-5116379,,
11425-0312-4.zip,202302011212,–ké‹ÊŒS‘å—˜ª’¬,’n‹æŠO-5116380,,
11425-0312-4.zip,202302011212,–ké‹ÊŒS‘å—˜ª’¬,’n‹æŠO-5116381,,
11425-0312-4.zip,202302011212,–ké‹ÊŒS‘å—˜ª’¬,’n‹æŠO-5116382,,
11425-0312-4.zip,202302011212,–ké‹ÊŒS‘å—˜ª’¬,’n‹æŠO-5116383,,
11425-0312-4.zip,202302011212,–ké‹ÊŒS‘å—˜ª’¬,’n‹æŠO-5116384,,
11425-0312-4.zip,202302011212,–ké‹ÊŒS‘å—˜ª’¬,’n‹æŠO-5116385,,
11425-0312-4.zip,202302011212,–ké‹ÊŒS‘å—˜ª’¬,’n‹æŠO-5116386,,
11425-0312-4.zip,202302011212,–ké‹ÊŒS‘å—˜ª’¬,’n‹æŠO-5116387,,
11425-0312-4.zip,202302011212,–ké‹ÊŒS‘å—˜ª’¬,’n‹æŠO-5116388,,
11425-0312-4.zip,202302011212,–ké‹ÊŒS‘å—˜ª’¬,’n‹æŠO-5116390,,
11425-0312-4.zip,202302011212,–ké‹ÊŒS‘å—˜ª’¬,’n‹æŠO-5116391,,
11425-0312-4.zip,202302011212,–ké‹ÊŒS‘å—˜ª’¬,’n‹æŠO-5116392,,
11425-0312-4.zip,202302011212,–ké‹ÊŒS‘å—˜ª’¬,’n‹æŠO-5116393,,
11425-0312-4.zip,202302011212,–ké‹ÊŒS‘å—˜ª’¬,’n‹æŠO-5116395,,
11425-0312-4.zip,202302011212,–ké‹ÊŒS‘å—˜ª’¬,’n‹æŠO-5116396,,
11425-0312-4.zip,202302011212,–ké‹ÊŒS‘å—˜ª’¬,’n‹æŠO-5116397,,
11425-0312-4.zip,202302011212,–ké‹ÊŒS‘å—˜ª’¬,’n‹æŠO-5116398,,
11425-0312-4.zip,202302011212,–ké‹ÊŒS‘å—˜ª’¬,’n‹æŠO-5116399,,
11425-0312-4.zip,202302011212,–ké‹ÊŒS‘å—˜ª’¬,’n‹æŠO-5116400,,
11425-0312-4.zip,202302011212,–ké‹ÊŒS‘å—˜ª’¬,’n‹æŠO-5116401,,
11425-0312-4.zip,202302011212,–ké‹ÊŒS‘å—˜ª’¬,’n‹æŠO-5116402,,
11425-0312-4.zip,202302011212,–ké‹ÊŒS‘å—˜ª’¬,’n‹æŠO-5116403,,
11425-0312-4.zip,202302011212,–ké‹ÊŒS‘å—˜ª’¬,’n‹æŠO-5116404,,
11425-0312-4.zip,202302011212,–ké‹ÊŒS‘å—˜ª’¬,’n‹æŠO-5116405,,
11425-0312-4.zip,202302011212,–ké‹ÊŒS‘å—˜ª’¬,’n‹æŠO-5116406,,
11425-0312-4.zip,202302011212,–ké‹ÊŒS‘å—˜ª’¬,’n‹æŠO-5116407,,
11425-0312-4.zip,202302011212,–ké‹ÊŒS‘å—˜ª’¬,’n‹æŠO-5116408,,
11425-0312-4.zip,202302011212,–ké‹ÊŒS‘å—˜ª’¬,’n‹æŠO-5116409,,
11425-0312-4.zip,202302011212,–ké‹ÊŒS‘å—˜ª’¬,’n‹æŠO-5116410,,
11425-0312-4.zip,202302011212,–ké‹ÊŒS‘å—˜ª’¬,’n‹æŠO-5116411,,
11425-0312-4.zip,202302011212,–ké‹ÊŒS‘å—˜ª’¬,’n‹æŠO-5116412,,
11425-0312-4.zip,202302011212,–ké‹ÊŒS‘å—˜ª’¬,’n‹æŠO-5116413,,
11425-0312-4.zip,202302011212,–ké‹ÊŒS‘å—˜ª’¬,’n‹æŠO-5116414,,
11425-0312-4.zip,202302011212,–ké‹ÊŒS‘å—˜ª’¬,’n‹æŠO-5116415,,
11425-0312-4.zip,202302011212,–ké‹ÊŒS‘å—˜ª’¬,’n‹æŠO-5116416,,
11425-0312-4.zip,202302011212,–ké‹ÊŒS‘å—˜ª’¬,’n‹æŠO-5116417,,
11425-0312-4.zip,202302011212,–ké‹ÊŒS‘å—˜ª’¬,’n‹æŠO-5116418,,
11425-0312-4.zip,202302011212,–ké‹ÊŒS‘å—˜ª’¬,’n‹æŠO-5116419,,
11425-0312-4.zip,202302011212,–ké‹ÊŒS‘å—˜ª’¬,’n‹æŠO-5116420,,
11425-0312-4.zip,202302011212,–ké‹ÊŒS‘å—˜ª’¬,’n‹æŠO-5116421,,
11425-0312-4.zip,202302011212,–ké‹ÊŒS‘å—˜ª’¬,’n‹æŠO-5116422,,
11425-0312-4.zip,202302011212,–ké‹ÊŒS‘å—˜ª’¬,’n‹æŠO-5116423,,
11425-0312-4.zip,202302011212,–ké‹ÊŒS‘å—˜ª’¬,’n‹æŠO-5116424,,
11425-0312-4.zip,202302011212,–ké‹ÊŒS‘å—˜ª’¬,’n‹æŠO-5116425,,
11425-0312-4.zip,202302011212,–ké‹ÊŒS‘å—˜ª’¬,’n‹æŠO-5116426,,
11425-0312-4.zip,202302011212,–ké‹ÊŒS‘å—˜ª’¬,’n‹æŠO-5116427,,
11425-0312-4.zip,202302011212,–ké‹ÊŒS‘å—˜ª’¬,’n‹æŠO-5116428,,
11425-0312-4.zip,202302011212,–ké‹ÊŒS‘å—˜ª’¬,’n‹æŠO-5116429,,
11425-0312-4.zip,202302011212,–ké‹ÊŒS‘å—˜ª’¬,’n‹æŠO-5116430,,
11425-0312-4.zip,202302011212,–ké‹ÊŒS‘å—˜ª’¬,’n‹æŠO-5116431,,
11425-0312-4.zip,202302011212,–ké‹ÊŒS‘å—˜ª’¬,’n‹æŠO-5116432,,
11425-0312-4.zip,202302011212,–ké‹ÊŒS‘å—˜ª’¬,’n‹æŠO-5116433,,
11425-0312-4.zip,202302011212,–ké‹ÊŒS‘å—˜ª’¬,’n‹æŠO-5116434,,
11425-0312-4.zip,202302011212,–ké‹ÊŒS‘å—˜ª’¬,’n‹æŠO-5116435,,
11425-0312-4.zip,202302011212,–ké‹ÊŒS‘å—˜ª’¬,’n‹æŠO-5116436,,
11425-0312-4.zip,202302011212,–ké‹ÊŒS‘å—˜ª’¬,’n‹æŠO-5116437,,
11425-0312-4.zip,202302011212,–ké‹ÊŒS‘å—˜ª’¬,’n‹æŠO-5116438,,
11425-0312-4.zip,202302011212,–ké‹ÊŒS‘å—˜ª’¬,’n‹æŠO-5116439,,
11425-0312-4.zip,202302011212,–ké‹ÊŒS‘å—˜ª’¬,’n‹æŠO-5116440,,
11425-0312-4.zip,202302011212,–ké‹ÊŒS‘å—˜ª’¬,’n‹æŠO-5116441,,
11425-0312-4.zip,202302011212,–ké‹ÊŒS‘å—˜ª’¬,’n‹æŠO-5116442,,
11425-0312-4.zip,202302011212,–ké‹ÊŒS‘å—˜ª’¬,’n‹æŠO-5116443,,
11425-0312-4.zip,202302011212,–ké‹ÊŒS‘å—˜ª’¬,’n‹æŠO-5116444,,
11425-0312-4.zip,202302011212,–ké‹ÊŒS‘å—˜ª’¬,’n‹æŠO-5116445,,
11425-0312-4.zip,202302011212,–ké‹ÊŒS‘å—˜ª’¬,’n‹æŠO-5116446,,
11425-0312-4.zip,202302011212,–ké‹ÊŒS‘å—˜ª’¬,’n‹æŠO-5116447,,
11425-0312-4.zip,202302011212,–ké‹ÊŒS‘å—˜ª’¬,’n‹æŠO-5116448,,
11425-0312-4.zip,202302011212,–ké‹ÊŒS‘å—˜ª’¬,’n‹æŠO-5116449,,
11425-0312-4.zip,202302011212,–ké‹ÊŒS‘å—˜ª’¬,’n‹æŠO-5116450,,
11425-0312-4.zip,202302011212,–ké‹ÊŒS‘å—˜ª’¬,’n‹æŠO-5116451,,
11425-0312-4.zip,202302011212,–ké‹ÊŒS‘å—˜ª’¬,’n‹æŠO-5116452,,
11425-0312-4.zip,202302011212,–ké‹ÊŒS‘å—˜ª’¬,’n‹æŠO-5116453,,
11425-0312-4.zip,202302011212,–ké‹ÊŒS‘å—˜ª’¬,’n‹æŠO-5116454,,
11425-0312-4.zip,202302011212,–ké‹ÊŒS‘å—˜ª’¬,’n‹æŠO-5116455,,
11425-0312-4.zip,202302011212,–ké‹ÊŒS‘å—˜ª’¬‘åš–k‰ºVˆä,793-6,,
11425-0312-4.zip,202302011212,–ké‹ÊŒS‘å—˜ª’¬‘åš–k‰ºVˆä,2098-3,,
11425-0312-4.zip,202302011212,–ké‹ÊŒS‘å—˜ª’¬‘åš–k‰ºVˆä,1030-3,,
11425-0312-4.zip,202302011212,–ké‹ÊŒS‘å—˜ª’¬‘åš–k•½–ì,381-14,,
11425-0312-4.zip,202302011212,–ké‹ÊŒS‘å—˜ª’¬‘åš–k•½–ì,355-4,,
11425-0312-4.zip,202302011212,–ké‹ÊŒS‘å—˜ª’¬‘åš–k•½–ì,343-3,,
11425-0312-4.zip,202302011212,–ké‹ÊŒS‘å—˜ª’¬,’n‹æŠO-5116389,,
11425-0312-4.zip,202302011212,–ké‹ÊŒS‘å—˜ª’¬,’n‹æŠO-5116371,,
11425-0312-4.zip,202302011212,–ké‹ÊŒS‘å—˜ª’¬‘åš–k‰ºVˆä,–³’n”Ô-343,,
11425-0312-4.zip,202302011212,–ké‹ÊŒS‘å—˜ª’¬‘åš‹ÕŠñ,1736-3,,
11425-0312-4.zip,202302011212,–ké‹ÊŒS‘å—˜ª’¬‘åš–k•½–ì,–³’n”Ô-1,,
11425-0312-4.zip,202302011212,–ké‹ÊŒS‘å—˜ª’¬‘åš–k•½–ì,–³’n”Ô-2,,
11425-0312-4.zip,202302011212,–ké‹ÊŒS‘å—˜ª’¬‘åš–k•½–ì,–³’n”Ô-3,,
11425-0312-4.zip,202302011212,–ké‹ÊŒS‘å—˜ª’¬‘åš–k•½–ì,–³’n”Ô-4,,
11425-0312-4.zip,202302011212,–ké‹ÊŒS‘å—˜ª’¬,’n‹æŠO-5116394,,
11425-0312-4.zip,202302011212,–ké‹ÊŒS‘å—˜ª’¬‘åš‹ÕŠñ,477-5,,
11425-0312-4.zip,202302011212,–ké‹ÊŒS‘å—˜ª’¬‘åš‹ÕŠñ,221-3,,
